CM0001;SONDE;SONDE D'ASPIRATION N° 8  (STK);conso;2000
M3006;9;9 VIT ;medic;1000
M1229;ACCUPAN;ACCUPAN B/5 AMP  INJ (STK);medic;575
M0005;ACENORM;ACENORM  12,5MG  CP;medic;255
M0007;ACENORM;ACENORM  50 MG  CP;medic;395
MED3;ACLAV;ACLAV 1G/125 MG;medic;500
M0009;ACT;ACT  HIB;medic;8750
M0011;ACTOVEGIN;ACTOVEGIN 10ML DRAGEE;medic;680
M0014;ADALATE;ADALATE RETARD 20MG BOITE;medic;235
M0019;ADRENALINE;ADRENALINE AMP 1:1000 (B/10);medic;6100
M0424;AFPRED;AFPRED 200MG AMP  INJ ;medic;0
M0027;AIGUILLE;AIGUILLE  SPINALE  21 G (VERT) ( (STK);medic;2000
M0026;AIGUILLE;AIGUILLE SPINALE 18 G (ROUGE)  (STK);medic;0
M0030;AKRINOR;AKRINOR AMP  2 ML (STK);medic;1120
M0035;ALLEZE;ALLEZE (STK);medic;0
M1630;AMARYL-GLIMEPIRID;AMARYL-GLIMEPIRID 2MG COMP (B/30);medic;7500
M0043;AMBROXOL;AMBROXOL 15MG/2 ML  INJ. STK;medic;8000
M1234;AMINO;AMINO 1000 ML;medic;30000
M0555;AMINOPHYLLINE;AMINOPHYLLINE 250 MG/10ML AMP;medic;720
M1236;AMINOVEN;AMINOVEN 10 % 1000 ML;medic;0
M1235;AMINOVEN;AMINOVEN 3,5 % 1000 ML;medic;0
PG30;Amoxicillin;Amoxicillin  + Clavulanic Acid  4 x 50 tests;medic;12000
PG29;Amoxicillin;Amoxicillin 25 µg, 4 x 50 tests;medic;0
M0056;AMOXICILLINE;AMOXICILLINE 1G INJ. (STK);medic;1115
M0057;AMOXICILLINE;AMOXICILLINE 2G INJ. (STK);medic;2125
M0059;AMOXICILLINE;AMOXICILLINE 500 MG CP (B/10);medic;5600
M0058;AMOXICILLINE;AMOXICILLINE 500 MG INJ. (STK);medic;935
PG26;Ampicilin;Ampicilin 10 µg, 4 x 50 tests;medic;0
MM1470;APPAREIL;APPAREIL A INFRAROUGE (STK);medic;0
M1499;APROVEL;APROVEL 150 MG COMP (B/28);medic;8000
M0300;APROVEL;APROVEL 150MG;medic;0
M1498;APROVEL;APROVEL 300 MG B/28 COMP (B/28);medic;16000
M0077;AQUA;AQUA 100ML (STK);medic;275
M0074;AQUA;AQUA 20ML (STK);medic;110
M0075;AQUA;AQUA 40ML (STK);medic;220
M0076;AQUA;AQUA 50ML (STK);medic;275
M0078;ARGUN;ARGUN CPR;medic;410
M0079;ARINATE;ARINATE  1 BOÎTE;medic;2800
M0182;CANULE;CANULE  DE  GUEDEL (CANNULE D'ASPIRATION) (STK);conso;5
M0875;ARTERONOL;ARTERONOL 1 ML (STK);medic;1650
M0876;ARTERONOL;ARTERONOL 25 ML (STK);medic;10400
M1414;ARTESIANE;ARTESIANE 40MG  INJ. (STK);medic;500
M1313;ARTESIANE;ARTESIANE 80 MG INJ(STK);medic;700
M2003;ARTESUN;ARTESUN 120MG AMP INJ (EXT);medic;1580
M0900;ARTESUN;ARTESUN 60MG INJ (STK);medic;1580
M0085;ARTHEMETHER;ARTHEMETHER  40MG  INJ. (STK);medic;500
M1464;ARTHEMETHER;ARTHEMETHER 20 MG AMP INJ (STK);medic;560
M0086;ARTHEMETHER;ARTHEMETHER 80 MG (STK);medic;700
M0087;ASPEGIC;ASPEGIC 1G INJ.;medic;890
M7845;ASPIRINE;ASPIRINE INJ 500 MG;medic;5
MAT 1646;ASSISTENT;ASSISTENT ASSIPIPETTE 115/100. 10-100 ul (STK);medic;71750
MAT1647;ASSISTENT;ASSISTENT ASSIPIPETTE 115/1000. 100-1000 ul (STK);medic;71750
M01522;ATENOLOL;ATENOLOL 100 MG  B/100;medic;8000
M1478;ATENOLOL;ATENOLOL 100 MG COMP ;medic;8000
M01520;ATENOLOL;ATENOLOL 25 MG  BOITE;medic;1750
M0189;ATENOLOL;ATENOLOL 25 MG  COMP ;medic;1750
M01521;ATENOLOL;ATENOLOL 50 MG  BOITE;medic;2000
M159;ATENOLOL;ATENOLOL 50 MG COMP ;medic;4000
M0101;ATROPINSULFAT;ATROPINSULFAT 0,5 MG/ML INJ. (B/10);medic;9500
M0103;ATROPINSULFAT;ATROPINSULFAT 0,5 MG/ML INJ. (STK);medic;950
M0102;AUGMENTIN;AUGMENTIN 1G (STK);medic;3000
M0113;BACTIFLOX;BACTIFLOX   250MG;medic;5670
M0117;BACTRIM;BACTRIM  SIROP  1ML;medic;16
M0119;BACTRIM;BACTRIM INJ. (STK);medic;1050
MAT2501;BALANCE;BALANCE (PESE PERSONNE);medic;5
M0127;BAS;BAS  COMPRESSIVE VRAC (PAIRE);medic;10000
M0129;BCG;BCG (STK);medic;4000
M0130;BECOZYME;BECOZYME INJ. (STK);medic;290
M1239;BICARBONATE;BICARBONATE DE SODIUM 1,4% 250 ML (STK);medic;950
M1700;BIMALARYL;BIMALARYL ;medic;0
M1637;BIMALARYL;BIMALARYL SUSPENSION;medic;0
MAT1448;BOITE;BOITE A INSTRUMENT  (STK);medic;0
MAT1610;BRANCARD;BRANCARD (STK);medic;0
M2345;BRILIQUE;BRILIQUE 90 14 CP;medic;1500
M5432;BRILIQUE;BRILIQUE 90 STK;medic;1500
M0152;BRONCHOPARAT;BRONCHOPARAT  INJ.;medic;720
M0556;BRONCHOSPASMINE;BRONCHOSPASMINE 1 ML AMP;medic;1200
M4785;BRONCHOSPASMINE;BRONCHOSPASMINE 1 ML AMP;medic;1200
M0154;BS-RATIO.;BS-RATIO. AMP INJ  (STK);medic;1500
M0153;BUCAIN;BUCAIN B/10 AMP INJ (STK);medic;750
M0172;BUPIVACAINE;BUPIVACAINE 0,5 FLACON DE 5 ML;medic;750
M0158;BUTTERFLY;"BUTTERFLY 23 G ""BLEU"" (STK)";medic;350
CM1771;GANTS;"GANTS STERILES N° 8 ""PAIRE"" (P/40)";conso;53800
MAT3100;CABLE;CABLE DE BISTOURI;medic;5
M4524;CACHE;CACHE NEZ (NOVEKO 4XEZU);medic;4000
M0560;CACL;CACL 10 % AMP (STK);medic;200
M1523;CANNE;CANNE ANGLAISE [BEQUILLE] (PAIRE);medic;20000
M0188;CAPTOHEXAL;CAPTOHEXAL 50MG COMP (B/40 );medic;8500
M0190;CAPTOHEXAL/CAPTOPRIL;CAPTOHEXAL/CAPTOPRIL 25 MG (B/40 );medic;4500
M1684;CARBOSTESIN;CARBOSTESIN 0,5 % AMP ;medic;485
M1674;CARBOSTESIN;CARBOSTESIN 0,5 %, 10 AMP X 5 ML (B/10);medic;4850
M1616;CARMEN;CARMEN 10 MG, 100 GEL (STK);medic;0
M0173;CATAPRESSAN;CATAPRESSAN ;medic;750
M0203;CATHETER;CATHETER CENTRAL 3 VOIES (STK);medic;8000
M0205;CATHETER;CATHETER OMBILICAL (STK);medic;1500
M0213;CATHETER;CATHETER POUR DIALYSE;medic;8000
M0206;CATHLON;"CATHLON 23 G ""BLEU""  (STK)";medic;1800
PG28;Ceeftriaxone;Ceeftriaxone test;medic;5
REF253;CEFOTAXIM;CEFOTAXIM ;medic;11500
PG17;Cefotaxim;Cefotaxim 4 x 50 tests;medic;5
R157;CEFOXITIN;CEFOXITIN 4X50 ;medic;5
PG57;CEFOXITINE;CEFOXITINE ;medic;11500
PG40;CEFTRIAZONE;CEFTRIAZONE ;medic;12000
M0225;CEFTRIAZONE;CEFTRIAZONE 1 G;medic;6000
M0224;CEFTRIAZONE;CEFTRIAZONE 2 G;medic;9500
M0686;CEFTRIAZONE;CEFTRIAZONE 2G (MESPORIN) INJ (B/1);medic;9700
M0634;CEFTRIAZONE;CEFTRIAZONE 2G (MESPORIN) INJ (B/1);medic;9700
M0226;CEFUROXIM;CEFUROXIM  1500 MG 50 ML INJ (STK);medic;11850
PG32;Cefuroxim;Cefuroxim 30 µg, 4 x 50 tests;medic;5
M0229;CEFUROXIM;CEFUROXIM 500MG CP;medic;1940
REF261;CEFUROXIM;CEFUROXIM 84,4 G BUV (STK);medic;5
REF263;CEFZAR;CEFZAR 1 G INJ (STK);medic;5
M0700;CEPHAZOLIN;CEPHAZOLIN 2 G;medic;9500
M7777;CERTOFIX;CERTOFIX MONO;medic;21000
M0236;CHARBON;CHARBON  BOITE;medic;3200
MAT1668;CHAUSSURE;CHAUSSURE ATELE (STK);medic;0
M0245;CHLORHYDRATE;CHLORHYDRATE  DE  MORPHINE  INJ;medic;525
PG35;Ciprofloxacin;Ciprofloxacin 4 x 50 tests;medic;5
M0259;CIPROFLOXACINE;CIPROFLOXACINE 200 MG INJ;medic;75
M0258;CIPROFLOXACINE;CIPROFLOXACINE 500 MG COMP (STK);medic;75
CM1672;CITRATE;CITRATE DE CAFEINE 25MG/ML AMP;medic;5
M0269;CLAMOXYL;CLAMOXYL 500G INJ.;medic;530
M1636;CLAMOXYL;CLAMOXYL SIROP 500;medic;0
M3456;CLEXAN;CLEXAN 0,1 ML / 1000 MG/10ML;medic;600
M0273;CLEXAN;CLEXAN 1000 MG/10ML;medic;15000
M7500;CLEXANE;CLEXANE 0,4 ML 1 DOSE;medic;3000
M0277;CLINDAMYCINE;CLINDAMYCINE 600 MG  INJ;medic;1700
M0278;CLINONEL;CLINONEL  2000 ML;medic;30000
M2014;CODOLIPRANE;CODOLIPRANE BTE;medic;0
M0283;COLIMICINE;COLIMICINE  COMP.;medic;285
PG21;Colistin;Colistin 4 x50 tests;medic;0
M6666;COLISTINE;COLISTINE (1 MILLION D'UNITES);medic;13500
M8542;COLLE;COLLE BIOLOGIQUE;medic;0
PG15;Combi-Screen;Combi-Screen 3 Leuko plus, 50 tests;medic;3081
PG14;Combi-Screen;Combi-Screen 9 Leuko plus, 100 tests;medic;8396
M1640;COMPRESSE;COMPRESSE STERILE;medic;500
M1615;CORANGIN;CORANGIN 20 MG 28 TBL (B/28);medic;9800
M1629;CORANGIN;CORANGIN 20 MG 28 TBL STK;medic;350
M7844;CORDARONE;CORDARONE INJ 150 MG;medic;5
M1716;COTON;COTON SYNTHETIQUE;medic;2000
M0306;COTRIM;COTRIM 480 MG  AMP  INJ. (B/5);medic;5250
M0304;COTRIMOXAZOLE;COTRIMOXAZOLE 480 MG COMP. (STK);medic;25
M1533;CYSTOFIX;CYSTOFIX ;medic;10000
M1238;DENTROLEN;DENTROLEN I.V  20 MG, 50 ML (STK);medic;0
PG52;Dialysekanulen;Dialysekanulen R25G 16GA  (B/50) (STK);medic;0
PG51;Dialysekanulen;Dialysekanulen R25G 16GV  (B/50) (STK);medic;0
M2001;DIAMOX;DIAMOX 250 MG CP;medic;0
M1506;DIAMOX;DIAMOX 500 MG INJ (B/20);medic;42000
M0354;DIAZEPAM;DIAZEPAM AMP INJ (B/10);medic;1265
M0343;DIAZEPAM;DIAZEPAM AMP INJ (B/5);medic;1875
M0345;DIAZEPAM;DIAZEPAM AMP INJ (STK);medic;1875
M0901;DICLO;DICLO DENK 50MG COMP ( STK);medic;45
M0856;PERFUSEUR;PERFUSEUR (STK);conso;700
M0344;DICLOFENAC;DICLOFENAC 75MG/2ML AMP. (B/10) (STK);medic;1000
M09903;DICLOFENAC;DICLOFENAC INJ UBI (B/100);medic;1000
M1713;DICYNONE;DICYNONE ;medic;2240
M0358;DIPRIVAN;DIPRIVAN  FL  50 ML (STK);medic;15000
M0359;DIPRiVAN;DIPRiVAN INJ.  10 ML B/5 (STK);medic;3000
M1424;DISLEP;DISLEP INJ;medic;900
M1710;DITYNONE;DITYNONE ;medic;2240
M0111;DOBUTAMINE;DOBUTAMINE ;medic;4500
M2100;DOCETAXEL;DOCETAXEL ;medic;29518
M0368;DOLIPRANE;DOLIPRANE  SUPPO;medic;170
M1639;Doliprane;Doliprane Poudre;medic;0
M0379;DOPAMINE;DOPAMINE  FRESENIUS 250MG  50ML (STK);medic;1850
M2101;DOXORUBICIN;DOXORUBICIN ;medic;36078
M1702;DOXY;DOXY 200 MG COMP (EXT);medic;0
M0386;DOXY;DOXY COMP. (STK);medic;50
M1634;DOXYCICLINE;DOXYCICLINE 100 MG GEL (STK);medic;15
M1635;DOXYCICLINE;DOXYCICLINE 200 MG COMP (STK);medic;0
PG20;Doxycyclin;Doxycyclin 4 x 50 tests;medic;12000
M0387;DOXYCYCLINE;DOXYCYCLINE AMP INJ. (B/5);medic;17500
M0394;DOXYCYCLINE;DOXYCYCLINE AMP INJ. (STK);medic;3500
M0390;DRAIN;DRAIN  THORACIQUE  PLEURAL;medic;5000
M0398;DYTIDE;DYTIDE H 50MG/25MG (B/30);medic;2000
M1638;Elicidine;Elicidine 500 suspension;medic;0
M1421;ELUDRIL;ELUDRIL BAIN DE BOUCHE;medic;2400
M7894;EMIPENEM;EMIPENEM (THIENAM) STK;medic;1000
M15878;ENAHEXAL;ENAHEXAL 10 MG COMP (B/30);medic;4000
M1587;ENAHEXAL;ENAHEXAL 20 MG COMP (B/50);medic;4000
CM0990;SERINGUE;SERINGUE 20 ML (B/100) (STK);conso;285
CM0991;SERINGUE;SERINGUE 2 ML (B/100) (STK);conso;175
M0410;ENDOXAN;ENDOXAN  1G (STK);medic;20920
M1771;ENTERO;ENTERO GERMINA AMP BUVABLE;medic;2915
M1121;EPHEDRINE;EPHEDRINE INJ;medic;1200
M0414;EPICRANIEN;EPICRANIEN (STK);medic;350
M1600;EREMFAT;EREMFAT 600 MG COMP (STK);medic;5
PG27;Erytromicin;Erytromicin 15 µg, 4 x 50 tests;medic;5
M9876;ESOMEPRAZOL;ESOMEPRAZOL TAD 40 MG B/30;medic;4000
M8765;ESOMEPRAZOL;ESOMEPRAZOL TAD 40 MG STK ;medic;8000
M00875;ETORICOXIB;ETORICOXIB STADA 90 MG;medic;9500
M1418;EUPHYLONG;EUPHYLONG 200MG GEL (B/50) (STK);medic;200
M1712;EXACYL;EXACYL ;medic;2320
M1641;FANSIDAR;FANSIDAR 500MG/25MG COMP (STK);medic;350
MAT1611;FAUTEUIL;FAUTEUIL ROULANT (STK);medic;80000
M0431;FAVISTAN;FAVISTAN 20MG COMP. (STK);medic;130
M0433;FENISTIL;FENISTIL RETARD COMP. (STK);medic;310
M0434;FENTANYL;FENTANYL 50µg 10 AMP X 2,15 ML (STK);medic;7467
M0435;FER-;FER- FOLDINE (STK);medic;13
M2007;FILTRE;FILTRE ANTIBACTERIEN;medic;1500
M1230;FLAGENTYL;FLAGENTYL  500 MG BOITE (STK);medic;30000
M0436;FLAGENTYL;FLAGENTYL  500 MG CP (STK);medic;3650
M0440;FLAVOQUINE;FLAVOQUINE 50MG/5ML 90ML SIROP;medic;1950
M0446;FLUOROURACIL;FLUOROURACIL 1 G (STK);medic;13930
M0473;FUROSEMID;FUROSEMID 20 MG AMP INJ. (STK);medic;600
M03705;FUROSEMID;FUROSEMID 20 MG INJ BOITE (B/5) ;medic;50
M1453;FUROSEMID;FUROSEMID 250 MG/25ML INJ AMP (STK);medic;5
M1519;FUROSEMID;FUROSEMID 40 MG COMP (STK);medic;45
M03701;FUROSEMIDE;FUROSEMIDE INJ 10MG/ML, 2ML NCPC (STK);medic;50
M0478;GAMMA-VENIN;GAMMA-VENIN ;medic;183000
M03202;GARDENAL;GARDENAL 100 MG COMP (B/50);medic;4000
M0483;GARDENAL;GARDENAL 200 MG AMP  INJ. (ADULTES) (B/20) (STK);medic;1120
CM1050;SONDE;SONDE VESICALE (URINAIRE) N° 16 RUSCH GOLD (STK);conso;1840
M1420;GARDENAL;GARDENAL 50 MG;medic;895
M0517;Gelofusin;Gelofusin 500 ml (HAEMACEL) (PLASMION) (STK);medic;5960
M5427;GELOPECTOSE;GELOPECTOSE ;medic;9500
PG23;Gentamicin;Gentamicin  10 µg 4 x 50 tests;medic;12000
PG24;Gentamicin;Gentamicin  120 µg 4 x 50 tests;medic;5
M0494;GENTAMICINE;GENTAMICINE  RATIOPHARM  AMP  INJ (B/5) (STK);medic;2700
M1474;GLIB;GLIB COMP B/30;medic;1500
M0499;GLIBENCLAMID;GLIBENCLAMID 5MG (B/1000) (STK);medic;10
CM1185;VICRYL;VICRYL  AVEC  AIGUILLE (STK);conso;3500
MM002;GLUCOMETRE;GLUCOMETRE ACCU-CHEK AVIVA;medic;45000
MM01;GLUCOMETRE;GLUCOMETRE ONE TOUCH ULTRA;medic;0
MM;GLUCOMETRE;GLUCOMETRE ONE TOUCH VITA;medic;45000
M0503;GLUCONATE;GLUCONATE DE CALCIUM (STK);medic;550
M0505;GLUCOSE;GLUCOSE  30 %  10ml;medic;115
M0506;GLUCOSE;GLUCOSE 10% 1000ML;medic;2030
M0507;GLUCOSE;GLUCOSE 10% 250ML;medic;1260
M0508;GLUCOSE;GLUCOSE 10% 500ML;medic;1500
M0509;GLUCOSE;GLUCOSE 20% 1000ML;medic;2500
M0510;GLUCOSE;GLUCOSE 30% 250ML;medic;1370
M0511;GLUCOSE;GLUCOSE 30% 500ML;medic;1700
M3001;GRIPPOSTAD;GRIPPOSTAD GEL MIT VIT C (B/24);medic;5
MAT1517;HARICOT;HARICOT METALLIQUE (STK);medic;0
M0536;HEPARINE;HEPARINE 5ML (STK);medic;1165
M1248;HES;HES 6 % 500 ml;medic;5960
M0542;HP;HP  VITAMINE   INJ.;medic;210
M2009;HYPAFIX;HYPAFIX (FIXOMULL 10CM X 2M);medic;1245
M0552;IBUPROFEN;IBUPROFEN  COMP.;medic;24
M0553;IBUPROFEN;IBUPROFEN 400MG COMP. (STK);medic;20
M00297;IMIPENEM;IMIPENEM /CILASTATIN KABI 500 MG;medic;9500
M124;IMMODUM;IMMODUM COMP;medic;2250
M0994;IMPLANTS;IMPLANTS CHIRURGICAUX ET MATERIAUX  DIVERS ;medic;850000
M0566;INSULINE;INSULINE   MIXTE;medic;35
M0567;INSULINE;INSULINE  RETARD/BASAL;medic;14000
M0569;INSULINE;INSULINE RAPIDE;medic;4500
M125;INTETRIX;INTETRIX ;medic;2295
M1546;IRUXOL;IRUXOL 30 G POMMADE (STK);medic;5
M0577;ISOFLURANE;ISOFLURANE BAXTER (STK);medic;7500
M0588;JONOSTERIL;JONOSTERIL  250ML (C/20) (STK);medic;1200
M0589;JONOSTERIL;JONOSTERIL  500 ML (C/10) (STK);medic;1500
M1246;KABIVEN;KABIVEN 1L;medic;
M1245;KABIVEN;KABIVEN 2L;medic;30000
M0599;KCL;KCL 10 % AMP (STK);medic;200
M0608;KETALAR;KETALAR  5 ML;medic;1500
M0610;KLISMA;KLISMA (KLISTER) (STK);medic;1000
M0613;KONAKION;KONAKION GOUTTES  1ML (STK);medic;1090
M1503;LANICOR;LANICOR 0,25 MG/ML ;medic;5
M0991;LASILIX;LASILIX 250 MG;medic;12000
M0628;LAXANS;LAXANS  GTTES  1ML (GOUTTES);medic;30
M1512;LAXANS;LAXANS  GTTES 7,5MG/ML  30 ML (STK);medic;3000
PG22;Levofloxacin;Levofloxacin 4 x 50 tests;medic;0
M1500;LEVOFLOXACINE;LEVOFLOXACINE 500 MG;medic;245
PG49;Ligne;Ligne AV, Stk (STK);medic;0
M1534;LIPOTALON;LIPOTALON ;medic;19000
M1531;LOCATION;LOCATION CANNE ANGLAISE [BEQUILLE] (PAIRE);medic;10000
R16;Vitros;Vitros Na +, B/25 Tests;autres;11723
R17;Vitros;Vitros Cl-, B/25 Tests;autres;12633
R18;Vidas;Vidas HIV Duo, B/60 Tests;autres;158000
R20;Vidas;Vidas Rub IgG, B/60 Tests;autres;286800
R23;GLUCOSE;GLUCOSE Reflotrons, 2 x 15 Tests;autres;11260
R24;Haemocult,;Haemocult, 20 x 3 Tests;autres;0
R26;Capillette;Capillette Reflotron, 5 x 100 Tests;autres;0
R27;Slidex;Slidex Staph Kit, B/50 Tests;autres;0
R36;Vidas;Vidas Prolactine, B/60 Tests;autres;66000
R37;Vidas;Vidas TSH, B/60 Tests;autres;65570
R38;Vitros;Vitros Ca, B/25 Tests;autres;5
R39;Vidas;Vidas TPSA, B/60 Tests;autres;26230
R40;Vidas;Vidas LH, B/60 Tests;autres;5
R41;Vidas;Vidas TOXO IgM, B/60 Tests;autres;195000
R42;Vidas;Vidas TOXO IgG, B/60 Tests;autres;195000
R45;Vitros;Vitros Lipase, 25 Tests;autres;5
R47;Vidas;Vidas HCG, B/60 Tests;autres;5
R49;Vidas;Vidas FT4, B/60 Tests;autres;5
CM50;CATHETER;CATHETER STOPPER (B/50) (STK);conso;5
R51;HEMOGLOBINE;HEMOGLOBINE Reflotron, 30 Tests;autres;5
R60;Vidas;Vidas HAV IgM, B/60 Tests;autres;5
R67;Vitros;Vitros Fer, 25 Tests;autres;0
R68;HEPATITE;HEPATITE C, 100 Tests;autres;0
R69;Vidas;Vidas Eostradiol, 60 Tests;autres;5
R73;ACIDE;ACIDE URIC Reflotron, 30 Tests;autres;5
R74;GGT;GGT Reflotron, 30 Tests;autres;5
R75;GPT;GPT (ALAT) Reflotrons, 30 Tests;autres;0
R76;AMYLASE;AMYLASE REFLOTRON, 30 Tests;autres;5
R77;CHOLESTEROL;CHOLESTEROL Reflotron, 30 Tests;autres;5
R78;UREE;UREE Reflotron, 15 Tests;autres;5
R79;Vidas;Vidas FT3, 60 Tests;autres;5
R80;TPHA,;TPHA, 100 Tests;autres;14250
R81;VDRL,;VDRL, 150 Tests;autres;18450
R82;Vidas;Vidas FSH, 60 Tests;autres;5
R83;Pancreatic;Pancreatic Amylase Reflotron, 15 Tests;autres;0
R85;BILIRIBIN;BILIRIBIN Reflotron, 30 Tests;autres;0
R86;HDL;HDL CHOLESTEROL Reflotron, 30 Tests;autres;5
R87;PHOSPHATASE;PHOSPHATASE ALCALINE REFLOTRON, 30 Tests;autres;5
R88;CK;CK Reflotron, 15 Tests;autres;0
R93;TRIDOT;TRIDOT  50 TESTS;autres;82500
R94;Tube;Tube Capillaire Reflotron 100 Tests;autres;0
R97;Tuberkulose,;Tuberkulose, Reflotrons 20 Tests;autres;0
R100;Vidas;Vidas HAV IgG, 30 Tests;autres;0
R101;Vidas;Vidas Progesterone 60 Tests;autres;5
R105;HEPATITE;HEPATITE C, 40 tests;autres;34000
M0770;LORMETAZEPAM;LORMETAZEPAM 1,0 MG (NOCTAMID  1 MG) BOITE;medic;2500
M1425;LORMETAZEPAM;LORMETAZEPAM 2,0 MG (NOCTAMID  2 MG) BOITE;medic;5000
M0768;LORMETAZEPAM;LORMETAZEPAM 2,0 MG (NOCTAMID  2 MG) STK;medic;380
M1510;LOSARTAN;LOSARTAN HEXAL 50MG/12,5MG COMP (B/28);medic;5000
M0654;LOVENOX;LOVENOX 0,4 ML 40MG B/2 SER (STK);medic;3560
M1552;LOXEN;LOXEN ;medic;0
M0658;LOXEN;LOXEN 10MG/10 ML AMP. (STK);medic;1600
M0663;LUNETTE;LUNETTE D'OXYGENE ADULTE (STK);medic;1500
CI1240;FILM;FILM AGFA DT 2 B  25 x 30 [RADIO] (P/100);autres;130000
CB1241;PAPIER;PAPIER RAME 500 SHEETS (P/500);autres;1800
CH1242;DIALYSEUR;DIALYSEUR F7  (STK);autres;12000
CH1243;LIGNE;LIGNE AV STK (STK);autres;5000
CH1244;ACIDE;ACIDE CONCENTRE BICA 10 L (bleu);autres;11000
CH1245;CONCENTRE;CONCENTRE BICARBONATE 10 L;autres;0
CH1246;PASTIL;PASTIL DE SEL 25 KG;autres;125000
CH1247;DIALYSEKANULEN;DIALYSEKANULEN 16 GV-R25  (B/50) (STK);autres;0
CH1248;DIALYSEKANULEN;DIALYSEKANULEN 16 GA-R25 (B/50) (STK);autres;0
CH1249;BIBAG;BIBAG  900G  STK (STK);autres;5000
CM1242;CATHLON;CATHLON (STK);conso;1800
CM1248;STERILIUM;STERILIUM 500 ML (STK);conso;5
CM1249;STERILIUM;STERILIUM 100 ML (STK);conso;5
CM1250;DRAP;DRAP D'EXAMEN ROULEAU (STK);conso;5
CM1252;AIGUILLE;AIGUILLE 20 G (JAUNE)  (B/100);conso;5
CM1253;AIGUILLE;AIGUILLE 22 G (NOIRE)  (B/100);conso;5
CM1254;AIGUILLE;AIGUILLE 26 G (MARRON) STK (B/100);conso;5
CM1255;AIGUILLE;AIGUILLE 21 G (VERT)  (B/100);conso;5
CM1256;ABAISSE;ABAISSE LANGUE  (P/40 );conso;0
CM1257;AIGUILLE;AIGUILLE SPINALE 22 G (NOIRE) STK (STK);conso;0
CM1258;AIGUILLE;AIGUILLE SPINALE 20 G (JAUNE)  (STK);conso;0
CM1259;BUTTERFLY;"BUTTERFLY 21 G ""VERT""  (STK)";conso;350
CM1260;GANTS;GANTS LATEX PEHA-SOFT (B/100);conso;5900
CM1261;GANTS;GANTS MANUS PE / DOIGTIERS (P/100);conso;5
CM1262;PAPIER;PAPIER TORCHON  (P/250);conso;5
CM1263;ZELETEN;ZELETEN ROULEAU (STK);conso;5
CM;BANDE;BANDE ELASTIQUE 6CM X 5M (B/10) (STK);conso;700
CM1264;BANDE;BANDE ELASTIQUE 8CM X 5M (B/10) (STK);conso;700
CM1265;BANDE;BANDE ELASTIQUE 10CM X 5M (STK);conso;700
CM1266;BANDE;BANDE ELASTIQUE 20CM X 5M (B/10) (STK);conso;700
CM1267;ACCU-CHECK;ACCU-CHECK AVIVA 50 TESTS (STK);conso;30000
CM1268;ACCU-CHECK;ACCU-CHECK SENSOR 50 TESTS (STK);conso;30000
CM1271;CATHLON;"CATHLON 24 G ""JAUNE"" (STK)";conso;1800
CM1272;CATHLON;"CATHLON 20 G ""ROSE""  (STK)";conso;1800
CM1273;CATHLON;"CATHLON 26 G ""VIOLET""  (STK)";conso;1800
CM1275;BETADINE;BETADINE 1000 ML (STK);conso;5450
CM1276;TRAINING;TRAINING RESPIRATOIRE (B/12) (STK);conso;10000
M0672;MANNITOL;MANNITOL  20% 500ML (STK);medic;5960
R1279;ACID;ACID URIC DDS 5 x 20 ML;autres;5
CM1280;SONDE;SONDE DE PROTECTION (CONDOM GYNECO) 144 STK;conso;0
AC1281;CASSETTE;CASSETTE VHS LP-240 MIN STK;autres;0
R1282;ACID;ACID URIC 4 x 100 ml;autres;0
CM1283;GANTS;"GANTS STERILES N° 7 ""PAIRE"" (P/40)";conso;53800
CM1284;GANTS;"GANTS STERILES N° 7,5 ""PAIRE"" (P/40)";conso;53800
CM1285;THERMOVAL;THERMOVAL (B/1000) (STK);conso;10
CI1286;PRODUIT;PRODUIT DE CONTRASTE ACCUPAQUE 300 MG 100 ML ;autres;45230
CI1287;PRODUIT;PRODUIT DE CONTRASTE ACCUPAQUE 240 MG 50 ML;autres;35000
CI1288;FILM;FILM AGFA DT 2B 36 x 43 (SCANNER) (P/100);autres;220000
CI1289;GASTROLUX;GASTROLUX 370 MG FLC (STK);autres;5
CIMP1289;DOSSIER;DOSSIER VERT STK (STK);autres;95
CIMP1290;DOSSIER;DOSSIER ROSE STK (STK);autres;95
CIMP1291;DOSSIER;DOSSIER BLEU STK (STK);autres;95
CM1291;URGOPLAST;URGOPLAST 2,5 X 9 M, (Sparadra) (P/12);conso;7500
CM1292;URGOPLAST;URGOPLAST 1,25 X 9 M (Sparadra) (P/12);conso;5800
CM1293;RAZOIR;RAZOIR  (STK);conso;0
R1299;CREATININE;CREATININE REFLOTRON 30 TESTS;autres;5
CB1290;ETIQUETTES;ETIQUETTES A5 12,8 X 38 MM (P/720);autres;2000
CE1297;AMPOULE;AMPOULE A VIS 14 W  (STK);autres;0
CE1298;AMPOULE;AMPOULE A VIS 25 W  (STK);autres;0
CE1299;AMPOULE;AMPOULE NEON 1,20M  (STK);autres;0
CE1300;AMPOULE;AMPOULE NEON 0,6 M (STK);autres;0
CE1301;PRISE;PRISE DE COURANT (STK);conso;0
CE1302;INTERRUPTEUR;INTERRUPTEUR SIMPLE STK;autres;0
CE1303;INTERRUPTEUR;INTERRUPTEUR VAS ET VIENT (STK);autres;0
CE1304;CABLE;CABLE VGV 3/1,5 METRE;autres;0
CE1305;CABLE;CABLE VGV 4/4 METRE;autres;0
CE1306;CABLE;CABLE VGV 5 / 2,5 METRE;autres;0
CE1206;CABLE;CABLE THT (ROUGE) METRE;autres;0
CE1307;CABLE;CABLE THT(VERT/JAUNE) METRE;autres;0
CE1308;CABLE;CABLE THT(NOIRE) METRE;autres;0
CE1309;CABLE;CABLE THT (BLEU) METRE;autres;0
CE1310;TUBE;TUBE ORANGE N°11 METRE (B/100);autres;0
DIV1311;GAZ;GAZ BUTANE BTL (STK);autres;650
DIV1312;DESODORISANT;DESODORISANT FLC;autres;468
DIV1313;REFRIGERANT;REFRIGERANT  (STK);autres;0
DIV1314;POUBELLE;POUBELLE PM (STK);autres;3500
DIV1315;DRAP;DRAP DE LIT (STK);autres;5
CB1316;ENVELOPPE;ENVELOPPE DL 110 x 220 MM (C/1000) (STK);autres;5
CB1317;ENVELOPPE;ENVELOPPE C6 114 x 162 MM (C/1000) (STK);autres;0
CB1318;ENVELOPPE;ENVELOPPE E4 280 x 400 MM (C/250) (STK);autres;70
CB1319;ENVELOPPE;ENVELOPPE C4 229 x 324 MM (C/250) (STK);autres;24
CB1320;TN;TN 135 BK (STK);autres;0
CB1321;CD-ROM;CD-ROM  (P/50);autres;5000
CB1322;POCHETTE;POCHETTE CD-ROM (P/50);autres;1000
CB1323;LEXMARK;LEXMARK (Encre) (STK);autres;0
AT1324;INSECTICIDE;INSECTICIDE ORO FLC (STK);autres;2100
AT1325;CHEVILLE;CHEVILLE N°6  (STK);autres;0
AT1326;CHEVILLE;CHEVILLE N°8  (STK);autres;0
AT1327;CHEVILLE;CHEVILLE N°10  (STK);autres;0
AT1328;CHEVILLE;CHEVILLE N°12  (STK);autres;0
AT1329;VIS;VIS A BOIS N° 10 (STK);autres;0
CE1330;AJAX;AJAX POUDRE 500 G;autres;1100
CE1331;AJAX;AJAX VITRE 130 ML;autres;5
CE1332;DYNASCROSS;DYNASCROSS SUPER PAD;autres;0
CE1334;TANA;TANA AZ 70 C STK;autres;5
CE1335;SAVON;SAVON TOSSY LITRE;autres;5
CE1236;SAC;SAC A POUBELLE 15 L (ROULEAU);autres;850
C1237;SAC;SAC A POUBELLE 30L (ROULEAU DE 20) (ROULEAU);autres;850
CE1238;PAPIER;PAPIER HYGIENIQUE (KLEENEX) (ROULEAU);autres;0
CE1239;PAPIER;PAPIER HYGIENIQUE (nature) ROULEAU (S/64)  STK;autres;5
CIMP1340;ENVELOPPE;ENVELOPPE (BLEU) 36 x 46 (STK);autres;180
CIMP1341;ENVELOPPE;ENVELOPPE KAKI 24/30 (STK);autres;100
CIMP1242;ENVELOPPE;ENVELOPPE KAKI 35/35 (STK);autres;0
CIMP1343;ENVELOPPE;ENVELOPPE KAKI 30/40 (STK);autres;100
CIMP1344;ENVELOPPE;ENVELOPPE KAKI 18/24 (STK);autres;0
CIMP1345;POCHETTE;POCHETTE ECHOGRAPHIQUE (P/100) (STK);autres;50
CIMP1346;ENVELOPPE;ENVELOPPE KAKI 36 x 43 (STK);autres;0
CIMP1347;FEUILLE;FEUILLE DE TEMPERATURE (STK);autres;60
CIMP1348;FEUILLE;FEUILLE DE PRESCRIPTION  (STK);autres;32
CIMP1349;FICHE;FICHE D'HOSPITALISATION (ADULTE) (STK);autres;30
CIMP1350;FICHE;FICHE D'HOSPITALISATION (ENFANT) (STK);autres;50
CIMP1351;CAHIER;CAHIER DE DECHARGE (ADULTE) STK;autres;0
CIMP1352;CAHIER;CAHIER DE DECHARGE (ENFANT) STK;autres;0
CIMP1353;FICHE;FICHE COMPTABLE STK;autres;4010
CIMP1354;ORDONANCIER;ORDONANCIER ;autres;0
CIMP1355;CARNET;CARNET DE SANTE ADULTE (BLEU)  (STK);autres;1000
CIMP1356;CARNET;CARNET DE SANTE ENFANT (VERT)  (STK);autres;1000
CIMP1357;CARNET;CARNET DE SANTE NOUVEAU NE (BLEU) (STK);autres;1000
CIMP1358;CARNET;CARNET DE SANTE CPN (BLANC)  (STK);autres;1000
CI1360;FILM;FILM RADIO 18/24 100 BLATT (P/100);autres;21000
CI1361;FILM;FILM RADIO 24/30 100 BLATT (P/100);autres;34000
CI1362;FILM;FILM RADIO 20 x 40 100 BLATT (P/100);autres;29915
CI1363;FILM;FILM RADIO 35/35 100 BLATT (P/100);autres;47730
CI1364;FILM;FILM RADIO 30/40 100 BLATT (P/100);autres;44870
CI1365;FILM;FILM RADIO 35 x 45 100 BLATT (P/100);autres;57530
CI1366;GEL;GEL ECHOGRAPHIQUE 5 L (STK);autres;20000
CI1368;FILM;FILM ECHOGRAPHIQUE ROLLEN (STK);autres;15000
CI1369;OMAT-LO;OMAT-LO (FIXATEUR) 2 x 20 L;autres;40000
CI1370;OMAT;OMAT (REVELATEUR) 2 x 20 L;autres;35000
CM1371;ACCU-CHEK;ACCU-CHEK SAFE-T-PRO UNO (Autopiqueur)  (STK);conso;9
M1601;MCP;MCP GOUTTES;medic;10000
CM1373;TUBE;TUBE SEC (ROUGE)-368815  (B/100);conso;5
CM1374;TUBE;TUBE SEC (JAUNE)- 367953  (B/100);conso;5
CM1375;TUBE;TUBE NFS (VIOLET)-368856   (B/100);conso;5
CM1376;TUBE;TUBE VS (NOIRE)- 366676  STK (B/100);conso;5
CM1377;TUBE;TUBE A HEMOLYSE 5 ML  (STK);conso;45
CM1378;TUBE;TUBE A HEMOLYSE 10 ML;conso;5
CM1379;LAME;LAME GOUTTE EPAISSE (P/50);conso;5
CM1380;TUBE;TUBE TP-TCK (BLEU CITRATE)-363079 (B/100);conso;5
R1380;GPT;GPT (ALAT) DDS 5 x 100 ML;autres;0
R1381;ALBUMIN;ALBUMIN DDS 5 x 25 ML;autres;4001
R1382;PHOSPHATASE;PHOSPHATASE  ALKALINE DDS 5 x 100 ML;autres;1
R1383;GOT;GOT (ASAT) DDS 5 x 100 ML;autres;0
R1384;CALCIUM;CALCIUM ARSENAZO DDS 5 x 25 ML;autres;8000
R1385;CHOLESTEROL;CHOLESTEROL DDS 6 x 25 ML;autres;0
R1386;CK-MB;CK-MB DDS 5 x 25 ML;autres;8000
R1387;CK-Nac;CK-Nac DDS 5 x 25 ML;autres;8000
R1388;CREATININE;CREATININE DDS 5 x 25 ML;autres;0
R1389;CRP;CRP LATEX REAGENT 5 ML;autres;20000
R1390;W;W ;autres;0
R1391;GAMMA-GT;GAMMA-GT DDS 5 x 100 ML;autres;8000
R1392;GLUCOSE;GLUCOSE DDS 6 x 25 ML;autres;0
R1393;MAGNESIUM;MAGNESIUM DDS 5 x 25 ML;autres;8000
R1394;PHOSPHORUS;PHOSPHORUS DDS 5 x 25 ML;autres;5
R1395;PROTEIN;PROTEIN TOTAL MONO 5 x 25 ML;autres;8000
R1396;TRIGLYCERIDES;TRIGLYCERIDES DDS 6 x 25 ML;autres;0
R139ï¿½;UREA;UREA UV DDS 10 x 25 ml;autres;0
R1400;A-AMYLASE;A-AMYLASE 6 x 25 ML;autres;0
R1401;ASLO;ASLO 100 TEST;autres;14310
R1402;FACTEUR;FACTEUR RHUMATOIDE 100 TESTS;autres;0
R1404;IRON/TIBC;IRON/TIBC ;autres;0
R1405;MILIEU;MILIEU DE CULTURE UREE INDOLE;autres;10000
R1406;SLIDEX;SLIDEX STAPH KIT 50 TEST;autres;5
R1407;SLIDEX;SLIDEX STAPH KIT 250 TESTS;autres;0
CM1407;VITROS;VITROS MICROPOINTE DE PIPETTE  250 (STK);conso;5
CM1408;PAPIER;PAPIER SYSMEX ROLLEN (STK);conso;2000
CM1409;GODET;GODET POUR ECHANTILLON DOUBLE VITROS;conso;5
CM1410;PANSEMENTS;PANSEMENTS ADHESIFS  (PLASTER STRIPP)  (B/500 );conso;0
CM14011;PAPIER;PAPIER VITROS ROLLEN (STK);conso;5
CM1412;PAPIER;PAPIER THERMIQUE VIDAS ROLLEN (STK);conso;10000
R1413;SALEMONELLA;SALEMONELLA AO 5 ML LATEX;autres;0
R1414;SALEMONELLA;SALEMONELLA AH 5 ML LATEX;autres;0
R1415;SALEMONELLA;SALEMONELLA BO 5 ML LATEX;autres;0
R1416;SALEMONELLA;SALEMONELLA  BH 5 ML LATEX;autres;0
R1417;SALEMONELLA;SALEMONELLA TO 5 ML LATEX;autres;0
R1418;SALEMONELLA;SALEMONELLA TH 5 ML LATEX;autres;0
R1419;SALEMONELLA;SALEMONELLA CO 5 ML LATEX;autres;0
R1420;SALEMONELLA;SALEMONELLA CH 5 ML LATEX;autres;0
R1421;CHOLESTEROL;CHOLESTEROL VITROS 25 TESTS;autres;0
R1422;Vitros;Vitros DT-CALIBRATOR KIT;autres;8000
CM1423;FIXOMUL;FIXOMUL STECH ROULEAU 20CM x 20M (GM) (STK);conso;5
CM1424;ZEMUKO;ZEMUKO ROULEAU (STK);conso;0
CM1425;SONDE;SONDE VESICALE (URINAIRE) N° 18 RUSCH GOLD (B/10) (STK);conso;1840
CM1426;SONDE;SONDE VESICALE (URINAIRE) N° 12 RUSCH GOLD (B/10) (STK);conso;1840
CM1427;SONDE;SONDE NASOGASTRIQUE N° 14  (STK);conso;2000
CM1428;SONDE;SONDE NASOGASTRIQUE N° 16  (STK);conso;1000
CM1429;SONDE;SONDE VESICALE (URINAIRE) N° 14  (STK);conso;8000
CM1430;LUNETTE;LUNETTE D'OXYGENE PEDIATRIC (STK);conso;1500
CM1431;PROLENE;PROLENE 2-0 (B/36) (STK);conso;3500
CM1432;PROLENE;PROLENE 3-0 (B/36) (STK);conso;3500
CM1433;PROLENE;PROLENE 7-0 (B/36) (STK);conso;3500
CM1434;PROLENE;PROLENE 8-0 (B/36) (STK);conso;3500
CM1435;VICRYL;VICRYL 1 (B/36) (STK);conso;3500
CM1436;VICRYL;VICRYL 2-0 (B/36) (STK);conso;3500
CM1437;VICRYL;VICRYL 3-0 (B/36) (STK);conso;3500
CM1438;VICRYL;VICRYL 4-0 (B/36) (STK);conso;3500
CM1439;VICRYL;VICRYL 5-0 (B/36) (STK);conso;3500
CM1440;MONOCRYL;MONOCRYL 2-0  (STK);conso;0
CM1441;MONOCRYL;MONOCRYL 3-0 (STK);conso;5
CM1444;MONOCRYL;MONOCRYL 4-0  (STK);conso;3500
CM1442;MONOCRYL;MONOCRYL 0  (STK);conso;0
CM1443;MONOCRYL;MONOCRYL 5-0 (STK);conso;3500
M0674;MCP-RATIO.;MCP-RATIO. 10MG AMP INJ STK;medic;2500
CE1446;KORSOLEX;KORSOLEX 5 L (STK);autres;0
CM1445;SCALPEL;SCALPEL N°15;conso;700
M1526;MEBENDAZOL;MEBENDAZOL 200 MG PL/6 COMP (PL/6);medic;200
CM1446;INSTILLAGEL;INSTILLAGEL 10 X 6 ML (B/10) (STK);conso;5
CE1447;EAU;EAU DE JAVEL LTRE (LITRE);autres;800
M1445;MEPIHEXAL;MEPIHEXAL 10MG/ML 5 AMP X 20 ML;medic;0
CE1449;SAVON;SAVON LIQUIDE  ROSE 10L STK LITRE;autres;5
CM1447;CONE;CONE JAUNE ( (S/500));conso;7000
CM1448;CONE;CONE BLEU ( (S/500));conso;3003
CM1449;CONE;CONE BLEU  ((S/1000));conso;5
CM1450;CONE;CONE JAUNE  ((S/1000));conso;12000
CM1451;EAU;EAU DISTILLEE 25 L (BIDON);conso;12500
M0685;MESPORIN;MESPORIN  1G INJ (B/1) (STK);medic;5000
CM1454;POT;POT ECBU STERILE (S/100) (STK);conso;125
CM1455;ELECTRODE;ELECTRODE (S/25) (STK);conso;5
CM1456;ELECTRODE;ELECTRODE 30 (STK);conso;0
CE1456;PILE;PILE PLATE PR APPAREIL D'HEMOGLUCOTEST  (STK);autres;1000
CE1457;PILE;PILE AA NON RECHARGEABLE (STK);autres;500
CE1458;PILExxxx;PILExxxx ;autres;500
CM1459;TG-JERJEY;TG-JERJEY N°3 (B/12);conso;5
CM1460;TG-JERSEY;TG-JERSEY N°6 (B/10);conso;5
CM1461;TG-JERSEY;TG-JERSEY N°9 (B/10);conso;5
CM1463;TUBE;TUBE A HEMOLYSE 3 ML  (STK);conso;5
M0684;MESPORIN;MESPORIN  INJ  0,5 G;medic;3305
CM1467;CUVETTE;CUVETTE RACKS + BALL  (C/1000);conso;5
CM1468;ANSE;ANSE CALIBRE (S/20);conso;1400
CE1468;PILE;PILE AA RECHARGEABLE (STK);autres;1250
CE1469;PILE;PILE AAA RECHARGEABLE  (STK);autres;2500
CI1469;NAVETTE;NAVETTE ;autres;0
M1247;METFORMIN;METFORMIN 850MG B/30;medic;3000
CE1471;WC;WC FIX 200 ML (STK);autres;5
R1472;BILIRUBIN;BILIRUBIN - LT;autres;5
CE1473;SEPTOMED;SEPTOMED 5 L;autres;0
CE1474;BOMIX;BOMIX Plus 5 L;autres;0
CE1475;TERRALIN;TERRALIN 5 L;autres;0
CM1475;REDOVAC;REDOVAC MIT BAJONETT-KONNEKTOR 400 ML STK;conso;0
CM1476;FLACON;FLACON D'ANAPATH 50 ML (STK);conso;5
CM1477;FLACON;FLACON D'ANAPATH 100 ML (STK);conso;5
M0694;METHOTREXAT;METHOTREXAT  50 MG/2ML (STK);medic;39500
CM1478;PETRI;PETRI DISHES  GM (STK);conso;80
CM1479;PETRI;PETRI DISHES D60 MM (STK);conso;0
R1479;K+;K+ (POTASSIUM) RELOTRON 25 TESTS;;0
CM1480;EAU;EAU OXYGENEE FLC 30 VOL (FLC);conso;2210
CM1481;BD-VACCUTAINER;BD-VACCUTAINER SAMPLE ADAPTER 23G (B/100) (STK);conso;0
CM1482;BD-VACCUTAINER;BD-VACCUTAINER PRECISION GLIDE 21G (B/100) (STK);conso;5
CM1483;BAVETTE;BAVETTE (OP-MASK) (P/50);conso;5
CM1485;BONNET;BONNET (P/100);conso;5
CM1486;TUBE;TUBE A VIS METALLIQUE 20 ML ;conso;8000
R1487;TriniCLOT;TriniCLOT ApTT 3 ML;;57750
R1488;TriniCLOT;TriniCLOT PT EXCEL 6 ML;;57725
CM1487;PLATRIX;PLATRIX HART/BANDE PLATREE 10CM X 3M (C/20p) (STK);conso;1250
CM1488;PLATRIX;PLATRIX HART/BANDE PLATREE 12CM X 3M (C/20p) (STK);conso;1250
CM1489;PLATRIX;PLATRIX HART/BANDE PLATREE 10CM X 25M (C/1) (STK);conso;5
CM1490;PLATRIX;PLATRIX HART/BANDE PLATREE 12CM X 25M (C/1) (STK);conso;5
R1491;CALCIUM;CALCIUM ARSENAZO 2 X 125 ML;;5
R1492;D-DIMER;D-DIMER LABOR TECHNIK;;0
R1493;VIDAS;VIDAS TROPONIN 60 TESTS;;5
R1494;CELL;CELL PACK  20 L (CARTON) (STK);;59600
R1495;Chloramphenicol;Chloramphenicol 5 X 50 TEST;;12000
R1496;Netilmicin;Netilmicin 5 X 50 TESTS;;12000
CI1497;FILM;FILM AGFA DT 2B 20 X 25 (RADIO) (P/100);;100000
M0695;METHOTREXAT;METHOTREXAT 25 MG;medic;19750
M1111;METRISET;METRISET ;medic;3000
T1500;TRIGLYCERIDE-REFLOTRON;TRIGLYCERIDE-REFLOTRON 30 TESTS;;5
R1501;GOT;GOT (ASAT)-REFLOTRON 30 TESTS;;5
R1502;GPT;GPT (ALT)-REFLOTRON 30 TESTS;;5
M0698;METRONIDAZOLE;METRONIDAZOLE  500 MG COMP (10 STK);medic;15
R1503;Vitros;Vitros DT-REFERENCE FLUID;;5
R1504;VIDAS;VIDAS ANTI HBs 60 TESTS;;0
M6789;METRONIDAZOLE;METRONIDAZOLE  500 MG COMP 10 STK;medic;15
M0699;METRONIDAZOLE;METRONIDAZOLE 100ML INJ. (B/10) (STK);medic;1750
CM1507;PENIFLEX;PENIFLEX (CONVEEN) N° 30 MM (STK);conso;3000
CM507;PENIFLEX;PENIFLEX (CONVEEN) N° 35 MM (STK);conso;3000
M03207;MIDAZOLAM;MIDAZOLAM INJ 100MG (B/1);medic;13750
CE1507;BIM;BIM 1 LITRE (STK);;4001
CE1508;EPONGE;EPONGE PLATE  (STK);;200
CE1509;VERMOP;VERMOP -SERPIERE D'ENTRETIEN (STK);;8000
CE1511;SERPIERE;SERPIERE (STK);;5
M03205;MIDAZOLAM;MIDAZOLAM INJ 5MG (B/10) ;medic;13750
CM1514;COUCHE;COUCHE MOLICARE (ADULTE)  AUU (STK);conso;500
CM1515;AGRAFEUSE;AGRAFEUSE (EINWEIG-HAUTKLAMMERGERAT SIZE 6,9MM X 3,6 MM)  (STK);conso;5
CM1516;BD-VACCUTAINER;BD-VACCUTAINER SAFTY-LOCK 21G (STK);conso;5
CM1517;HARICOT;HARICOT JETABLE (STK);conso;0
M03206;MIDAZOLAM;MIDAZOLAM INJ 5MG (B/5) ;medic;13750
M0706;MIDAZOLAN;MIDAZOLAN 5MG INJ (STK);medic;1375
CE1519;GANTS;GANTS DE MENAGE (STK);;5
CM1519;GOBELET;GOBELET POUR MEDICAMENT (S/80);conso;0
CI1519;FILM;FILM AGFA DT 1B 36 X 43 (IRM) (P/100);;230000
CM1520;PAPIER;PAPIER ECG GE CONTRAST PAQUET (STK);conso;0
CM1521;PAPIER;PAPIER EEG (NKD 210 T) 1000  (STK);conso;0
MAT1657;MINERVE;MINERVE ADULTE STK;medic;16000
CM1518;LAMELLE;LAMELLE COUVRE OBJET (B/1000);conso;5
M0718;MORPHINE;MORPHINE 200MG/10ML 2% AMP  INJ (STK);medic;0
CM1522;COMBI-STOPPER;COMBI-STOPPER (B/100)  (STK);conso;0
CM1523;MICRO;MICRO SOLID 57 X 130 MM 100 BLATT;conso;0
CM1524;COTON;COTON CARDE 500 G (STK);conso;3000
M1525;MULTIVITAMIN;MULTIVITAMIN COMP;medic;10
M0727;MULTIVITAMIN;MULTIVITAMIN DRAGEE;medic;10
M0733;NACL;NACL 10 % 1AMP. (STK);medic;500
PG34;Nalidixic;Nalidixic Acid 30 µg, 4 x 50 tests;medic;5
M1708;NARCAN;NARCAN ;medic;235
CE1530;BALAIE;BALAIE  (STK);;2000
CE1531;PELE;PELE A POUSSIERE (STK);;0
CE1532;PINCEAU;PINCEAU (STK);;0
R1531;MAGNESIUM;MAGNESIUM 2 x 150 ML;;24060
CM1532;CHAMP;CHAMP VERT (STK);conso;0
CB1533;SCHLITZTUCH;SCHLITZTUCH (Champ fendu (Réf: DYJPESPSEC2)) 274 CM X 201 CM;;0
CB1534;LAPAROTOMIE-SET;LAPAROTOMIE-SET (Réf:29C824EDB) 112 CM X 191CM (STK);;0
CM1535;CHAMP;CHAMP BLEU  (STK);conso;0
CI1536;PAPIER;PAPIER PHOTO (COLOR COPY) A3 500 SHEETS (P/500);;3000
CM1538;BANDE;BANDE DE FIXATION ELAST. COHESIF [GASOFIX] (Bleu) Rouleau (STK);conso;5
CM1539;BANDE;BANDE DE FIXATION ELAST. COHESIF [GASOFIX] (Rouge) Rouleau (STK);conso;5
CM1540;BANDE;BANDE DE FIXATION ELAST. COHESIF [GASOFIX] (Vert) Rouleau (STK);conso;0
DIV1544;URINOIR-PISTOLET;URINOIR-PISTOLET (POT DE NUIT) (STK);conso;0
CE1536;SAVON;SAVON POUDRE 10 KG;;12200
CM1544;TABLIER;TABLIER (S/100) (STK);conso;5
CM1543;POUBELLE;POUBELLE GM  (STK);conso;12000
CM1545;CLASSEUR;CLASSEUR AVEC PLASTIC PROTEGEANT;conso;0
CM1546;AGRAFES;AGRAFES A PEAU (STK);conso;15000
CM1547;BANDE;BANDE PLATREE (PAIRE) 10CM (STK);conso;0
CM1548;STUPLA;STUPLA (B/50);conso;0
R1549;CK-NAC;CK-NAC 2 X 62,5 ML;;40345
CM1550;POCHE;"POCHE A SANG ""VIDE"" (STK)";conso;3000
1540;GELOSE;GELOSE MULLER HINTON 500 G;;0
R1541;MILIEU;MILIEU DE CULTURE GELOSE CHAPAM 500 G;;32000
R1542;MILIEU;MILIEU RAPAPPORT;;0
CI1542;GADOPENTETAT-MRT;GADOPENTETAT-MRT 0,5 MMO/ML 5ML X 10 (B/10);;37400
CI1543;GADOPENTETAT-MRT;GADOPENTETAT-MRT 0,5 MMO/ML 20ML X 10  (B/10);;82000
M2006;NAROPEï¿½NE;NAROPEÏNE 7,5 % 20 ML;medic;10400
R1545;AMH;AMH Gen II (Calibrator and Controls Réf: A79766) STK;;327975
R1546;AMH;AMH Gen ELISA 1 Pack (Réf : A79765 (96 tests);;327980
PG16;Neomycin;Neomycin 4 x 50 tests;medic;0
M1237;NEPHROTECT;NEPHROTECT 250 ML (STK);medic;0
R1547;CALIUM;CALIUM ARSENAZO 3 X150 ML;;27110
M0743;NETROMICINE;NETROMICINE  50MG  INJ;medic;1510
R1548;ACIDE;ACIDE URIC ( SPRINT REACT) 10 X 20 ML;;31500
R1550;CALCIUM;CALCIUM CRESOL 200 ML;;0
CE1551;PILE;PILE CLR14 (Energizer)  (STK);;0
CE1552;PILE;PILE CLR14 (Vatra)  (STK);;0
CM1553;CLAMP;CLAMP DE BAAR (OMBILICAL) B/100 (STK);conso;120
R1554;HEPATITE;HEPATITE C 50 TESTS;;40000
R1555;GAMMA;GAMMA GT REFLOTRON;;5
CE1556;BROSSE;BROSSE WC STK;;0
R1557;BOUILLON;BOUILLON RAPAPPORT;;0
R1558;BOUILLON;BOUILLON EAU PEPTONEE TAPONNEE;;0
M0744;NETROMICINE;NETROMICINE 100MG INJ.;medic;2695
R1560;CREATININE;CREATININE 2 X 50 ML;;0
R1561;FACTEUR;FACTEUR RHUMATOIDE 50 TESTS;;0
M0745;NETROMICINE;NETROMICINE 150MG INJ.;medic;3635
CB1563;BAUCHTUCHER;"BAUCHTUCHER 35 X 35cm ""05"", 8plis (STK)";;0
CB1564;BAUCHTUCHER;"BAUCHTUCHER 40 X 40cm ""02"", 4plis (STK)";;0
CB1565;FINK&WALTER;FINK&WALTER MULLKOPRESSEN STERILE 10x 10CM, (P/150) ;;0
CM1565;SERINGUE;SERINGUE 60 ML A BOUT LONG (STK);conso;0
CM1566;STERILIUM;STERILIUM 5 L (STK);conso;5
CM1567;ARTI-CAST;ARTI-CAST 5,0 CM X 3,6 CM  ROLLEN;conso;15000
M0747;NETROMYCINE;NETROMYCINE  150 MG;medic;2800
R1568;CHOLESTER0L;CHOLESTER0L 1 X 50 ML;;0
R1569;CELL;CELL CLEAN;;5
R1570;STROMATOLYSER;STROMATOLYSER WH 3 x 500 ML  (B/3);;135000
CM1568;Plaques;Plaques + Vis (PLAQUES ELECTROCHIRURGICALES) (STK);conso;0
CB1569;BLEU;BLEU DE METHYLENE 2% 60 ML;;0
CB1570;STERICLIN;STERICLIN 20 CM X 200 M ROLLEN (STK);;5
CB1571;STERICLIN;STERICLIN 25 CM X 200 M ROLLEN (STK);;5
AT1574;BRIQUET;BRIQUET (STK);;0
CM1575;SERINGUE;SERINGUE POMPE AUTOMATIQUE-SCANNER (STK);conso;3
R1575;BIO-CK;BIO-CK ;;0
R1565;ANTIGENE;ANTIGENE HBs Bandellete 50 tests;;0
R1564;NEOPLASTINE;NEOPLASTINE 6 X 5 ML;;0
CM156-;ALCOOL;ALCOOL 95° C 1Litre (STK);conso;1398
CE1567;ACIDE;ACIDE CHLORIDRIQUE 1000 ML;;675
R1576;HUM;HUM ASY CONTROL 2 (réf:LT  HN1530) 20 x 15 ML;;5
R1577;VIDAS;VIDAS ANTI HBc TOTAL 60 T ESTS;;0
CM1578;CUTICELL;CUTICELL (Tuile Gras) 10 CM X 10 CM (B/10);conso;2500
CM1579;BETADINE;BETADINE POMMADE (STK);conso;2000
CE1578;PAD;PAD ;;5
R1579;CREATININE;CREATININE (Sprintreact) 2 X 150 ML;;32500
R1580;CHOLESTEROL;CHOLESTEROL (Sprintreact)  10 X 20 ML;;30850
R1581;TCA;TCA (5 X 4) +' 5X 4) (STK);;0
R1582;TP;TP 4 X 4 ;;43120
R1583;CALCIUM;CALCIUM 2 X 150 ML;;0
R1584;PROTEINE;PROTEINE DANS URINE + LCR (Proteine us);;5
CM1584;BD-VACCUTAINER;BD-VACCUTAINER CORPS DE PRELEVEMENT (S/250) (STK);conso;0
CM1585;POT;POT SELLES/D'URINE 125 ML (STK);conso;200
R1585;CK-MB;CK-MB 6 x 2,5 ML;;40345
CM1586;GAZIN;GAZIN 10 X 10 CM (Mullkompressen)  (B/50);conso;0
CB1587;ENVELOPPE;ENVELOPPE C5 162 X 229 MM (C/500) (STK);;5
CM1587;BROCHES(2);BROCHES(2) ;conso;0
R1587;LDH;LDH UV DDS  5 X 25 ML;;5
M0759;NIFEDIPIN;NIFEDIPIN RATIOPHARM  (B/30);medic;9840
CM1588;BETADINE;BETADINE ROUGE 125 ML (STK);conso;1205
CM1589;HEXOMEDINE;HEXOMEDINE 250 ML (STK);conso;2755
CM1590;GANTS;GANTS DE REVISION (PAIRE);conso;3000
R1591;VIDAS;VIDAS ANTI HCV 60 TESTS;;5
R1592;VIDAS;VIDAS D-DIMER EXCLUSION II 60 TESTS;;5
CM1592;BAS;BAS ANTI THROMBOSE L-X  (STK);conso;25000
CM1593;BAS;BAS ANTI THROMBOSE L  (STK);conso;25000
CM1594;BAS;BAS ANTI THROMBOSE M  (STK);conso;25000
CM1596;BAS;BAS ANTI THROMBOSE SMALL XL-X (STK);conso;25000
CM1597;LAME;LAME DE BISTOURIE N° 23;conso;500
R1597;LDH;LDH IFCC LABOR TECHNIK  5 X 20 ML;;0
R1598;TUBERKULOSE;TUBERKULOSE LT 20 TESTS;;0
R159_;GLUCOSE;GLUCOSE (SPRINTREACT) 4 X  125 ML;;0
M1452;NIFEDIPIN;NIFEDIPIN RATIOPHARM (B/100);medic;9100
R1599;CALCIUM;CALCIUM COP 2 X 150 ML;;0
CE1600;KODAN;KODAN 2 L;;3975
R1601;SOLUTION;SOLUTION LAVANDO ( SPRINT REACT) 2 X 250 ML;;18000
CI1602;FILM;FILM AGFA DT 2B MAMMO 18 X 24 (P/100);;20000
R1603;A-AMYLASE;A-AMYLASE 5 X 5 ML;;0
R1604;GAMMA;GAMMA GT LT 10 X 10 ML;;5
R1605;AMYLASE;AMYLASE (LABOR TECHNIK) 3 x 50 ML;;5
CI1MP605;ENVELOPPE;ENVELOPPE KAKI FILM NUM 20 X 25 (STK);;100
CIMP1606;ENVELOPPE;ENVELOPPE KAKI FILM NUM  25 X 31 (STK);;100
CI1607;REGISTRE;REGISTRE DU BLOC  (STK);;0
CM1605;ECOUVILLON;ECOUVILLON STERILE TIGE BOIS AVEC COTON (B/100);conso;120
CI1608;PAPIER;PAPIER KTG ROLLEN (STK);;5
CB1608;SYSTEME;SYSTEME MELANGEUR A VIDE POUR MELANGER DES CIMENTS A OS (STK);;0
CB1609;FAUTEUIL;FAUTEUIL DE BUREAU (STK);;0
M1648;NIMOTOP;NIMOTOP (NIMODIPIN) 10 MG/ 50 ML (STK);medic;0
PG33;Nitrofurantoin;Nitrofurantoin 300 µg, 4 x 50 tests;medic;0
M2222;NORADRENALINE;NORADRENALINE ;medic;6100
M0778;NOVALGIN;NOVALGIN 2,5 MG / 2ML 10 AMP INJ;medic;645
M0777;NOVALGIN;NOVALGIN 2,5G/ 5 ML AMP INJ (B/5);medic;3750
M0776;NOVALGIN;NOVALGIN 50 ML 1 GOUTTE;medic;10000
M0785;NOVODIGAL;NOVODIGAL 0,2 COMP;medic;70
CL1617;CAPILAR;CAPILAR CUVETTES (Art. Nr.10500) (S/100);;5
CB1618;TUTEUR;TUTEUR URETRAL DOUBLE CROSSE 150 CM (B/3) (STK);;0
CM1618;COMPRESSE;COMPRESSE OCCULAIRE 5,5 X 7,0 CM;conso;0
CM1620;SONDE;SONDE DE TIEMAN N°16 D5.6MM (STK);conso;0
CM1621;VASOFIX;VASOFIX SAFTY (STK);conso;10000
CM1622;REDON;REDON N° 8  (STK);conso;3000
CM1623;DESOMED;DESOMED RAPID 1000 ML;conso;0
CM1624;COMPRESSE;COMPRESSE STERILE FINK & WALTER 7,5 X 7,5 CM ;conso;3000
CM1625;COMPRESSE;COMPRESSE STERILE (URGO) 10 CM X 10 CM (P/50) ;conso;3500
CM1626;COMPRESSE;COMPRESSE STERILE (URGO ) 5CM X 5CM (P/50);conso;1500
CM1627;SCHLITZKOMPRESSEN;SCHLITZKOMPRESSEN (COMPRESSE DE DRAINAGE) 10 X 10 CM (P/40);conso;5
CM1628;EURODERM;EURODERM (PANSEMENT TRANSPARENT) 15x20CM, (P/10);conso;0
CM1629;EURODERM;EURODERM (PANSEMENT TRANSPARENT) 10x12CM, (P/50);conso;0
CM1630;EURODERM;EURODERM (PANSEMENT TRANSPARENT) 4x5 CM, (P/100);conso;0
CB1626;JEU;JEU DE CATHETERISME POUR L'ARTERE RADIALE (STK);;0
CM1631;PROLENE;PROLENE 6-0 (B/36) (STK);conso;3500
CB1632;KORSOLEX;KORSOLEX EXTRA 2 L (STK);;0
CB1634;ENCRE;ENCRE (TONER) BROTHER 3060 (STK);;0
CI1631;AGFA;AGFA RAPID FIXER 5 L;;11500
CI1632;AGFA;AGFA DEVELOPER/REPLENISHER 5L;;11500
CI1633;AGFA;AGFA DEVELOPER/REPLENISHER (B) 0,5 L;;4500
CI1634;AGFA;AGFA RAPID FIXER 0,5 L;;4500
CM1635;ARTI;ARTI CAST 7,6 CM X 3,6 CM ROLLEN;conso;15000
CM1636;ARTI;ARTI CAST 10 CM X 3,6 CM ROLLEN;conso;15000
M0788;NOZINAM;NOZINAM  GOUTTES  1 ML;medic;90
M0789;NOZINAM;NOZINAM  INJECTABLES 1 AMP;medic;340
PG18;Ofloxacin;Ofloxacin 4 x 50 tests;medic;5
M1233;OLICLINOMEL;OLICLINOMEL 1200 Kcal, 1000 ML POCHE;medic;0
M1232;OLICLINOMEL;OLICLINOMEL 1600 Kcal, 1500 ml;medic;0
PG19;Oxacillin;Oxacillin 4 x 50 tests;medic;2300
CB1636;STERILE;STERILE MULLKOMPRESSEN 10 X 13 CM, (P/20 ) (STK);;0
M0910;OXYGENE;OXYGENE  DEBIT 4L/MN CONSOMMATION/H;medic;2100
CB1637;IDEALBINDE-(BSN-REF:01959-00);IDEALBINDE-(BSN-REF:01959-00)  20 CM X 5 M 6 STK;;0
CL1637;PLAQUE;PLAQUE DE MICROTITRATION / TPHA (STK);;500
M0815;OXYGENE;OXYGENE  DEBIT 8L/MN CONSOMMATION/H;medic;4200
CM1643;BABY;BABY OIL 400 ML;conso;0
M0818;OXYGENE;OXYGENE BOUTEILLE G.M.;medic;63000
CB1642;SILIKONSPRAY;SILIKONSPRAY LITRE (STK);;2960
CG1644;CONDOM;CONDOM GYNECOLOGIQUE (B/144);;5
CL1645;KIT;KIT ELECTROPHORESIS ;;0
R1646;MELANGE;MELANGE VCN ;;5
R1647;MELANGE;MELANGE POLYVITEX;;17000
CL1648;HUILE;HUILE A IMMERSION (STK);;5
R1649;CHLAMIDIAE;CHLAMIDIAE IgA ;;0
R1648;CHLAMIDIA;CHLAMIDIA IgG ;;0
R1640;Pefloxacine;Pefloxacine ;;12000
M0816;OXYGENE;OXYGENE BOUTEILLE P.M.;medic;20750
R1645;HDL-CHOLESTEROL;HDL-CHOLESTEROL (LABOR TECHNIK) 6 x 40 ML ;;5
M0025;OXYGENE;OXYGENE DEBIT 1L/MN CONSOMMATION /H;medic;1575
M0024;OXYGENE;OXYGENE DEBIT 2L/MN CONSOMMATION /H;medic;1575
CE1648;VERMOP;VERMOP POM (STK);;5
M0817;OXYGENE;OXYGENE DEBIT 3L/MN CONSOMMATION /H;medic;1575
CB1648;TABOTAMP;TABOTAMP 5 CM X 7,5 CM ( Réf:1942G) (B/10);;5
R1650;LIPASE;LIPASE LABOR TECHNIK-LT0023, R1 2 X 20 ML/R2 2 X 15 ML;;0
R1656;GLUCOSE;GLUCOSE (SPRINTREACT) 10 X 50 ML;;20800
M0028;OXYGENE;OXYGENE DEBIT 5L/MN CONSOMMATION /H;medic;1575
R1658;HARNSTOFF;HARNSTOFF UV (LT UR 0050), 10 X 50 ML (Urée);;5
CB1656;MULTICATH;MULTICATH 2 EXPERT ART Nr. 8157.300;;0
CB1657;LEADERCATH;LEADERCATH ART Nr.115.15 STK;;0
M1231;OXYGENOTHERAPIE;OXYGENOTHERAPIE (1 heure);medic;1500
CM1658;SPECULIUM;SPECULIUM A UU STK (STK);conso;1000
R1660;MILIEU;MILIEU DE CULTURE GELOSE MAC CONKEY CM0115 (AVEC CRISTAL VIOLET) 500 G;;46140
R1661;TEST;TEST DE GROSSESSE 50 TESTS;;10000
R1663;DETERMINE;DETERMINE HIV 50 TESTS;;42500
R1664;CREATININE;CREATININE (SRINT REACT) 4 X 250 ML;;42000
R1665;GAMMA;GAMMA GT (SPRINTREACT) 10 X 15 ML;;37920
CE1667;PASTILLE;PASTILLE DE CHOLRE 500 G;;0
M0821;OXYTOCIN;OXYTOCIN  5 UI  INJ B/3 ;medic;3000
CM1669;FLACON;FLACON D'ANAPATH 30 ML (STK);conso;0
CM1670;VITROS;VITROS MG, 25 TESTS;conso;5
R1671;GPT;GPT (ALAT) LABOR TECHNIK 5 X 20 ML;;5
R1672;SCWANGERSCHAFTSTESTS;SCWANGERSCHAFTSTESTS 20 TESTS;;5
R1673;CHOLESTERIN;CHOLESTERIN (LABOR TECHNIK) 6 X 100 ML;;5
M0819;OXYTOCIN;OXYTOCIN  5 UI  INJ B/3 (STK);medic;490
R1675;CREATININE;CREATININE LABOR TECHNIK  100 ML ;;5
R1678;HBs;HBs Ag CASSETTE B/40 TESTS;;32000
CM1671;PROTHESE;PROTHESE DE HANCHE + COTYLE (STK);conso;2500000
R1676;CALCIUM;CALCIUM 2 X 200 ML;;14865
CM0992;SERINGUE;SERINGUE 100 ML (B/100) (STK);conso;2000
M0820;OXYTOCIN;OXYTOCIN INJ 10 UI  B/10 (STK);medic;875
R2000;TRIGLYCERIDE;TRIGLYCERIDE 10 x 50ML;;0
CM3000;ï¿½SE;ÖSE D'ENSEMENCEMENT;conso;2000
CM3001;CAPUCHON;CAPUCHON POUR TUBE(CAPSULE EN ALU);conso;0
CE1480;PILE;PILE AAA NON RECHARGEABLE (STK);;500
CM1501;PDS;PDS 3-0 (STK);conso;0
CM1530;CAPOTE;CAPOTE POUR SONDE;conso;5
CM1531;ACCU-CHEK;ACCU-CHEK SOFTCLIX LANCETTE  (B/200);conso;5
CM1601;ACCU-CHEK;ACCU-CHEK SOFTCLIX PRO (Autopiqueur réglagle) (STK);conso;0
CM1602;ACCU-CHEK;ACCU-CHEK SENSOR CONFORT (Bandelettes)  (STK);conso;0
CM1603;ACCU-CHEK;ACCU-CHEK SENSOR GLUCOMETRE (STK);conso;0
R2100;ACIDE;ACIDE URIQUE LABOR TECHNIK;;5
R2101;UREE;UREE LABOR TECHNIK  10x50ml;;0
R2102;LDH;LDH LABOR TECHNIK 4x50ml;;30100
R2103;CRP;CRP LABOR TECHNIK;;5
R2104;TRINICLOT;TRINICLOT TP;;5
R2105;TRINICLOT;TRINICLOT TCA;;0
R2106;COMBI;COMBI 9 3x100ml;;0
R2107;COMBI;COMBI 3 3x50ml;;0
R2108;MILIEU;MILIEU DE CULTURE GELOSE MULLER;;40000
R2109;MILIEU;MILIEU DE CULTURE GELOSE SABOURAUD;;0
CM1610;PANSEMENTS;PANSEMENTS ADHESIFS/PLASTER STRIP ( B/200);conso;5
CI290;FILM;FILM AGFA DT 2B MAMMO 25 x 30 (RADIO) (P/100);;130000
R1800;WIDAL&FELIX;WIDAL&FELIX ;;50000
R3000;CRP;CRP RAPIDIAN TESTER;;5
R3005;AMYLASE;AMYLASE DDS 6 x 25ml;;5
R3006;IRON;IRON DDS;;0
R3007;IRON;IRON DDS 4 x 100ML;;5
R3010;PROTIDEMIE;PROTIDEMIE DDS;;0
R3011;PROTIDEMIE;PROTIDEMIE DDS 5 x 25ML;;5
C5001;BANDE;BANDE DE RESINE (BYCAST) (STK);conso;7000
R4000;MILIEU;MILIEU DE CULTURE GELOSE KLIGLER;;5
R4001;Neltimicine;Neltimicine ;;0
R4002;Acide;Acide Nalidicique;;5
M0825;PAEDIAFUSIN;PAEDIAFUSIN  250 ML;medic;610
CM5003;FIXOMUL;FIXOMUL 10CM x 20M (PM) (STK);conso;5
M0826;PAEDIAFUSIN;PAEDIAFUSIN  500 ML;medic;780
M0827;PAIRE;PAIRE DE GANTS;medic;1345
M1447;PANCURONIUM;PANCURONIUM BROMURE AMP INJ;medic;1500
R200;KIT;KIT DE GROUPAGE;;28500
M0865;PANTOPRAZOL;PANTOPRAZOL  40  MG TAB CP;medic;8000
REF5;ABSORBANT;ABSORBANT GAZE (STK);;0
REF27;ACTONEL;ACTONEL PLUS CALCIUM 1G COMP (B/4);autres;0
REF40;AIGUILLE;AIGUILLE  SPINALE  26 G  (STK);autres;2000
REF44;AIGUILLE;AIGUILLE 23 G (BLEU) (B/100);autres;5
REF45;AIGUILLE;AIGUILLE A BIOPSIE (STK);autres;5
REF46;AIGUILLE;AIGUILLE A FISTULE 15 G (B/50);autres;5
REF47;AIGUILLE;AIGUILLE A FISTULE 16 G V (B/50) ;autres;5
REF48;AIGUILLE;AIGUILLE A FISTULE 16 G A (B/50);autres;5
REF49;AIGUILLE;AIGUILLE A FISTULE 16 GA R25 (B/50)xxxxxxx;autres;5
REF50;AIGUILLE;AIGUILLE A FISTULE 16 GV R25 (B/50)xxxxxxx;autres;5
REF51;AIGUILLE;AIGUILLE POUR MONOVETT (STK);autres;5
REF56;AIR;AIR FILTER  (STK);autres;0
REF62;ALCOOL;ALCOOL 95° C 500 ML (STK);autres;1230
REF63;AMEU;AMEU COMPACT 100G GEL (B/15) (STK);autres;5
REF78;AMPICILLINE;AMPICILLINE + SULBACTAM (B/10) (STK);autres;5
REF96;ARCABOSE;ARCABOSE CT 100 MG (B/21);autres;5
REF97;ARCABOSE;ARCABOSE CT 50 MG (B/21);autres;5
REF98;ARCABOSE;ARCABOSE CT 6 MG (B/20);autres;5
REF99;ARCOXIA;ARCOXIA 60 MG COMP (B/7);autres;5
REF102;ARTALLOY;ARTALLOY CAPS 1 (B/50);autres;5
REF103;ARTALLOY;ARTALLOY CAPS 3 (B/50);autres;5
REF118;ATOSIL;ATOSIL TROFEN 20 MG BUVABLE (STK);autres;5
REF123;AZITHROMYCIN;AZITHROMYCIN STADA 500 MG COMP (B/3);autres;5
REF129;BANDE;BANDE ADHESIVE  (STK);autres;5
REF130;BANDE;BANDE DE GAZE (MULLBINDE) 10CM X 4M (B/30);autres;5
REF131;BANDE;BANDE DE GAZE (MULLBINDE) 8CM X 4M;autres;2500
REF132;BANDE;BANDE DE GAZE (MULLBINDE) 6CM X 4M;autres;0
CM1689;BANDE;BANDE DE REMBOURRAGE CELLONA 10CM X 3M (C/48);conso;5
REF140;BANDE;BANDE PLATREE CELLONA 10CM X 3M (B/10) (STK);autres;5
REF147;BAS;BAS ANTI THROMBOSE M-X (STK);autres;25000
REF148;BAS;BAS DE CONTENTION (STK);autres;15000
REF149;BASSIN;BASSIN DE LIT (STK);autres;10000
REF152;BAUCHTUCHER;"BAUCHTUCHER 40 X 40cm ""05"", 4plis (STK)";autres;0
REF153;BAUCHTUCHER;BAUCHTUCHER 40 X 80 (STK);autres;0
REF164;BIFITERAL;BIFITERAL 500 MG SIROP (STK);autres;5
REF170;BISOPROLOL;BISOPROLOL 5MG COMP (B/100) (STK);autres;5
REF171;BISOPROLOL;BISOPROLOL DURA PLUS 5MG/12,5MG COMP (B/100) (STK);autres;5
REF172;ORTHESE;ORTHESE DU GENOU;autres;5
REF175;BOITE;BOITE A MEDICAMENT (PILULIER) (STK);autres;5
REF178;COIFFE;COIFFE D'INFIRMIERE (BONNET) (P/100);autres;5
REF188;BUTAZOLIDINE;BUTAZOLIDINE COMP 100 MG (B/20);autres;5
REF190;BUTTERFLY;BUTTERFLY 19 G (STK);autres;350
REF210;CANULE;CANULE  DE  TRACHOTOMIE (STK);autres;5
REF217;CARBIMAZOL;CARBIMAZOL 10 MG COMP (B/100);autres;5
REF224;CASQUE;CASQUE DE CHIRURGIE NON RENFORCEE XL (STK);autres;5
REF225;CASQUE;CASQUE A OXYGENE (STK);autres;5
REF227;CATAPRESSAN;CATAPRESSAN 1 ML INJ (B/10);autres;1000
REF228;CATHETER;CATHETER ARTERIEL (STK);autres;5
REF229;CATHETER;CATHETER AVEC BOURRELLET (STK);autres;5
REF230;CATHETER;CATHETER D'EMBOLECTOMIE ARTERIEL 3F (STK);autres;5
REF231;CATHETER;CATHETER D'EMBOLECTOMIE ARTERIEL 4F (STK);autres;5
REF232;CATHETER;CATHETER D'EMBOLECTOMIE ARTERIEL 5F (STK);autres;5
REF233;CATHETER;CATHETER D'EMBOLECTOMIE ARTERIEL 6F (STK);autres;5
REF234;CATHETER;CATHETER DOUBLE LUMIERE (STK);autres;5
REF235;CATHETER;CATHETER INTRAVASCULAIRE AVEC GUIDE METALLIQUE (STK);autres;5
REF236;CATHETER;CATHETER RADIO OPAQUE OPTIVA 2 14 G (C/50) (STK);autres;5
REF237;CATHETER;CATHETER RADIO OPAQUE OPTIVA 2 16 G (C/50) (STK);autres;5
REF241;CATHETER;CATHETER THORACIQUE (STK);autres;5
REF242;CATHETER;CATHETER TROCART (STK);autres;5
REF243;CATHETER;CATHETER URETRAL (STK);autres;5
REF245;CATHLON;CATHLON 16 G (STK);autres;1800
REF246;CATHLON;CATHLON 17 G (STK);autres;1800
REF247;CATHLON;"CATHLON 18 G ""VERT"" (STK)";autres;1800
M0835;PANTOZOL;PANTOZOL (PANTOPRAZOL)  40  MG  INJ  ;medic;8000
M0860;PARACETAMOL;PARACETAMOL  1 G INJ. (STK);medic;2000
M0234;PARACETAMOL;PARACETAMOL  2 G INJ. (STK);medic;2000
REF266;CETALOPRAM;CETALOPRAM 20 MG COMP (B/10);autres;5
REF270;CHAMP;CHAMP OMBILICAL (B/100) (STK);autres;5
REF271;CHARGEUR;CHARGEUR POUR AGRAFEUSE LINEAIRE COUPANTE (STK);autres;5
REF290;CISPLATIN;CISPLATIN KL 1MG/ML INJ (B/5);autres;0
REF298;CODIOVAN;CODIOVAN 80/12,5 MG COMP (B/14);autres;5
REF309;COLISTIN;COLISTIN CF 79 MG/27MG INJ (B/120) (STK);autres;5
REF332;COTON;COTON TIGE (APPLICATEUR MEDICAL) (S/100);autres;0
REF349;DELIX;DELIX 2,5 MG COMP (B/30);autres;5
REF350;DELIX;DELIX 5 MG COMP (B/30);autres;5
REF351;DELIX;DELIX PROTECT 10 MG COMP (B/99) (STK);autres;5
REF352;DESITIN;DESITIN SALBENSPRAY (STK);autres;0
REF367;DONEURIN;DONEURIN 25 MG GEL (B/100) (STK);autres;5
REF370;DORITHRICIN;DORITHRICIN 3MG  (B/20);autres;5
REF374;DOXEPIN;DOXEPIN (B/20);autres;5
REF383;DRAP;DRAP AVEC ADHESIF (C/50) (STK);autres;5
REF392;EAU;EAU OXYGENEE FLC 10 VOL (FLC);autres;0
REF396;GIEMSA;GIEMSA SOLUTION (STK);autres;35000
M1516;PARACETAMOL;PARACETAMOL 125 MG SUPPO (B/10) (STK);medic;5
REF422;EUTHYROX;EUTHYROX 100µg COMP (B/100);autres;5
REF423;EXELON;EXELON 3 MG GEL (B/56) (STK);autres;5
REF424;EYE;EYE PAD 5,5 X 7,5CM (STK);autres;5
REF436;FERRLECIT;FERRLECIT 5 ML (B/6);autres;5
REF460;FLAMMAZINE;FLAMMAZINE 500 MG CREME (STK);autres;5
REF462;FORMALDEHYD;FORMALDEHYD LOSUNG 40ML (B/13);autres;5
REF463;FOSAVANCE;FOSAVANCE 70 MG COMP (B/2) (STK);autres;5
REF465;FLUOROURACIL;FLUOROURACIL 50 MG/ML (STK);autres;5
REF466;FUCIDINE;FUCIDINE 250 MG COMP (B/10) (STK);autres;5
REF467;FUEL;FUEL FILTER (C/12) (STK);autres;5
REF471;GAINE;GAINE TRANSPARENTE PLATE 15 X 200 (B/2) (STK);autres;5
REF472;GAINE;GAINE TRANSPARENTE PLATE 20 X 200 (B/2) (STK);autres;0
REF473;GAINE;GAINE TRANSPARENTE PLATE 25 X 200 (B/2) (STK);autres;0
REF483;GANTS;GANTS DE TOILETTE A USAGE UNIQUE  (P/50);autres;5
REF484;GANTS;GANTS GYNE;autres;5
CM1770;GANTS;"GANTS STERILES N° 8,5 ""PAIRE"" (P/40)";conso;53800
REF491;GS;GS N° 8;;0
REF495;BANDE;BANDE DE FIXATION ELAST. COHESIF [GASOFIX] (Jaune) Rouleau;;0
REF500;BANDE;BANDE DE FIXATION ELAST. COHESIF [GASOFIX] (Café) Rouleau (STK);;5
REF502;GEL;GEL VAGINAL (STK);;5
REF510;GENTAMICINE;GENTAMICINE  80MG AMP  INJ (B/10) (STK);;97
REF513;GLIMEPIRID;GLIMEPIRID CT 6 MG  (B/20);;7500
REF514;GLIMEPIRID;GLIMEPIRID HEXAL 3 MG  (B/20);;6000
REF515;GLIMEPIRID;GLIMEPIRID RATIOPHARM 2 MG  (B/20);;5000
REF528;GLUCOMETRE;GLUCOMETRE ACCU-CHEK (STK);;5
REF529;GLUCOMETRE;GLUCOMETRE CONTOUR (STK);;5
REF545;HEDELIX;HEDELIX 20ML SUSP (STK);;5
REF575;KALYMIN;KALYMIN FORTE 5MG/ML INJ (B/10) (STK);;5
REF576;KANAVIT;KANAVIT TROFEN 10ML INJ (STK);;5
REF577;KBOS;KBOS 120 X 400MM (STK);;5
REF580;KETAMINE;KETAMINE HYDROCHLORIDE 50MG/ML (STK);;5
REF583;KIT;KIT GASTRIQUE FREKA (STK);;5
REF584;KIT;KIT PERIDURAL (STK);;30000
REF585;KIT;KIT ARTERIEL (ARROW ARTERIAL CATHETHERIZATION SET) (STK);;5
REF587;KODAK;KODAK DIGITAL SCIENCE 35 X 43CM (P/100);;5
REF601;LAPAROTOMIE;LAPAROTOMIE SPONGES (STK);;5
REF602;LAPBAG;LAPBAG 125 X 175MM (STK);;5
REF603;LARYNGO;LARYNGO MASK GM (STK);;5
REF604;LARYNGO;LARYNGO MASK PM (STK);;5
REF607;LASIX;LASIX 250MG INJ (B/5) (STK);;12000
REF618;LINCOCINE;LINCOCINE 600 MG (STK);;5
REF619;LISINOPRIL;LISINOPRIL CT 10MG COMP (B/10);;5
REF620;LISINOPRIL;LISINOPRIL CT 20MG COMP (B/10);;5
REF624;LOTION;LOTION DE SOIN NETTOYANTE ECO 90-91 (STK);;5
REF627;L-THYROXINE;L-THYROXINE HENING 100 MG COMP (B/25);;5
REF628;L-THYROXINE;L-THYROXINE HENING 75 MG COMP (B/25);;5
REF631;MASQUE;MASQUE A OXYGENE RIDENT (STK);;5
REF635;MATERIEL;MATERIEL D'ENDOSCOPIE (STK);;5
REF645;MECHE;MECHE DE GAZ (B/50);;0
REF646;METROPOLOL;METROPOLOL CT 50MG COMP  (B/20);;5
REF647;METAMIZOL;METAMIZOL HEXAL 500 MG/20ML SUSP (B/1) (STK);;5
REF648;METFORMIN;METFORMIN HEXAL 1000 MG COMP (B/20);;2600
REF651;METOPROLOL;METOPROLOL 50MG COMP (B/10);;5
REF655;MICARDIS;MICARDIS PLUS 80MG/12,5MG INJ (B/14) (STK);;5
REF656;MICARDIS;MICARDIS PLUS 80MG/25MG INJ (B/14) (STK);;5
REF657;MICARDIS;MICARDIS 40MG/12,5MG COMP (STK);;5
REF667;MOLSIDOMIN;MOLSIDOMIN CT 8 MG COMP (B/100) (STK);;5
REF678;NAC;NAC RATIOPHARM 3ML (B/5);;5
CB408;NITROLINGUAL;NITROLINGUAL AKUT 0,4MG SPRAY (STK);;5
REF695;NOOTROPIL;NOOTROPIL 1 G (B/12) (STK);;5
REF702;NOVONORM;NOVONORM 1MG (STK);;5
REF709;OMNIFIX;OMNIFIX ELASTIC 10CM X 5CM (B/1) (STK);;5
REF710;OMBREZ;OMBREZ BREEZHALER 150µg SPRAY (B/10) (STK);;5
REF712;OPIPRAMOL;OPIPRAMOL 50 MG COMP (B/10) (STK);;5
REF713;OPIPRAMOL;OPIPRAMOL NEURAXPHARM 100 MG COMP (B/10) (STK);;0
REF731;PANSEMENTS;PANSEMENTS TRANSPARENT ACRILIQUE (B/5) (STK);;5
REF734;PAPIER;PAPIER ECG GOOD MORNING (PQT);;5
REF740;PAPIER;PAPIER PHOTO (COLOR COPY) A4 500 SHEETS (P/500);;3000
REF741;PAPIER;PAPIER PHOTO (COLOR COPY) 160 g/M2 A4 250 SHEETS (P/250);;1500
REF750;PARAFILM;PARAFILM (STK);;5
REF751;PIPETTE;PIPETTE POUR VS (B/200) (STK);;5
REF753;KIT;KIT DE MONITORING (STK);;5
REF766;PERFUSEUR;PERFUSEUR ANTI BACTERIEN (STK);;5
REF772;PHOSPHORUS;PHOSPHORUS (SPRINT REACT);;5
REF790;POCHE;POCHE D'UROSTOMIE 44MM HOLLISTER (B/10) (STK);;5
REF791;POCHE;POCHE FERMEE GUARDIAN 38MM HOLLISTER (B/15) (STK);;5
REF792;POCHE;POCHE 25MM HOLLISTER (STK);;5
REF794;POCHE;POCHE COMBIHESIVE (B/30) (STK);;5
REF802;PORTE;PORTE ESSUIE-MAIN (STK);;5
REF803;PORTE;PORTE PERFUSION FRESENIUS (STK);;5
REF807;POT;POT METALLIQUE (STK);;0
REF808;PREDNISOLUT;PREDNISOLUT 500MG INJ  (B/1) (STK);;5
CM809;PREPACOL;PREPACOL 30 MG INJ (B/1) (STK);conso;5
REF817;PROLENE;PROLENE 2-0 SERTI (B/36) (STK);;3500
REF819;PROLENE;PROLENE 3-0 SERTI (B/36) (STK);;3500
REF821;PROLENE;PROLENE 6-0 SERTI (B/36) (STK);;3500
REF823;PROLENE;PROLENE 7-0 SERTI (B/36) (STK);;3500
REF825;PROLENE;PROLENE 8-0 SERTI (B/36) (STK);;3500
REF829;PROLONGATEUR;PROLONGATEUR SANS SITE D'INJECTION (STK);;5
REF830;PROLONGATEUR;PROLONGATEUR TRICOUCHE +ROBINET A 3 VOIES (STK);;5
REF842;RAMIPRIL;RAMIPRIL HEXAL 5MG (B/100) (STK);;0
REF843;RACCORD;RACCORD VYCON FEMELLE/FEMELLE (B/30) (STK);;0
REF844;RACCORD;RACCORD VYCON MALE/FEMELLE (B/25) (STK);;0
REF855;DRAIN;DRAIN DE REDON (C/100) (STK);;3000
REF860;RIDEAU;RIDEAU EN PLASTIQUE (STK);;0
REF864;RISPERIDON;RISPERIDON RATIOPHARM 2MG COMP (B/10) (STK);;5
M0838;PARACETAMOL;PARACETAMOL 250 MG SUPPO (B/10) (STK);medic;100
REF869;ROBINET;ROBINET A 3 VOIES AVEC TUYAU (STK);;5
REF870;RUDAVEN;RUDAVEN TRANSPARENT (STK);;5
REF873;SAC;SAC A POUBELLE 50L (ROULEAU DE 10) (ROULEAU);;850
REF874;SALAZOPIRINE;SALAZOPIRINE 500mg COMP (B/100) (STK);;0
M0839;PARACETAMOL;PARACETAMOL 500 MG COMP. (STK);medic;10
REF876;SANASTHMAX;SANASTHMAX SPRAY  (B/2) (STK);;5
REF891;SCALPEL;SCALPEL (B/20);;5
REF892;SCALPEL;SCALPEL N°11 ;;5
REF898;SERINGUE;SERINGUE A USAGE UNIQUE AVEC TUYAU (STK);;5
REF900;SERINGUE;SERINGUE  50 ML A VIS AVEC AIGUILLE) (STK);;5
YY;xxxxxxxxxxxxxxYY;xxxxxxxxxxxxxxYY ;;5
REF902;SERINGUE;SERINGUE 1ML A INSULINE (STK);;5
XXX-X;xxxxxxxxxxxx;xxxxxxxxxxxx (STK);;5
REF904;SERINGUE;SERINGUE 50 ML A BOUT COURT TRANSCOJET (B/50) (STK);;5
REF905;SERINGUE;SERINGUE 50 ML A VIS SANS AIGUILLE (STK);;5
XX-XX;xxxxxxxxxxxx;xxxxxxxxxxxx ;;5
XX-XXX;xxxxxxxxxxxxxx;xxxxxxxxxxxxxx ;;5
REF908;SERINGUE;SERINGUE 3 ML (S/100) (STK);;5
REF919;SERVO;SERVO FILTER HUMIDIFIER   S/1 (STK);;5
REF920;SET;SET DE CATETHERISME SELON SELDINGER (STK);;5
REF921;SET;SET DE POSE D'AIGUILLE (STK);;5
REF922;SET;SET DE PREPARATION POUR ANESTHESIE REGIONALE (STK);;5
REF923;SET;SET POUR ASPIRATION (STK);;5
REF924;SET;SET POUR INTRODUCTION DE CATETHER VEINEUX CENTRAL (STK);;5
REF943;SHOES;SHOES COVER  (S/100);;5
REF945;SILYMARIN;SILYMARIN CT 117mg  (B/10);;5
REF946;SIMVASTATIN;SIMVASTATIN CT 40MG COMP (B/10) (STK);;5
REF947;SINEMET;SINEMET 100mg/10mg COMP (B/100 ) (STK);;5
CM962;SONDE;SONDE A ALIMENTATION AVEC 2 ORIFICES LATERAUX (STK);conso;5
CM963;SONDE;SONDE A BALLONNET (B/10) (STK);conso;5
CM964;SONDE;SONDE DE GAVAGE (B/25) (STK);conso;5
CM965;SONDE;SONDE GASTRODUODENALE 2 CANONS (STK);conso;5
CM966;SONDE;SONDE PEDIATRIQUE POUR INTUBATION (STK);conso;5
CM967;SONDE;SONDE POST OPERATOIRE (STK);conso;5
CM980;SONDE;SONDE VESICALE DE TIEMANN (STK);conso;1840
CM981;SONDE;SONDE VESICALE POUR FEMME (STK);conso;1840
REF984;SPECULUM;SPECULUM AURICULAIRE 2,5 MM DIAMETRE  (B/240) (STK);;5
REF985;SPECULUM;SPECULUM AURICULAIRE 4 MM DIAMETRE (B/240) (STK);;5
REF994;STROMATOLYSER;STROMATOLYSER 3WP (B/3) xxxx;;5
REF997;SULFASALAZIN;SULFASALAZIN HEXAL 500MG COMP (B/300) (STK);;5
REF1000;SULFOLYSEUR;SULFOLYSEUR SLS 210A  (C/3);;5
REF1001;SYSTï¿½ME;SYSTÈME CLOS DE DRAINAGE POUR ENFANTS (STK);;5
REF1002;SYSTï¿½ME;SYSTÈME DE BANDELETTE DE SOUTENEMENT  (STK);;5
REF1004;SYSTï¿½ME;SYSTÈME UROLOGIQUE (STK);;5
REF1008;TAMPON;TAMPON DE GELATINE MODIFIE  (B/50) (STK);;5
REF1009;TAMPON;TAMPON NASAL (STK);;5
REF1011;TANNOLACT;TANNOLACT 10G (B/40) (STK);;5
REF1019;TETRAZEPAM;TETRAZEPAM 50 MG COMP (B/10);;5
REF1025;TILIDIN;TILIDIN AbZ 100 ML SUSP (B/1) (STK);;5
REF1026;TORASEMID;TORASEMID 10 MG COMP (B/100) (STK);;5
REF1039;TRIMIPRAMINE;TRIMIPRAMINE 25 MG  (B/20);;5
REF1044;TROUSSE;TROUSSE DE LAPAROSCOPIE (STK);;5
REF1045;TUBE;TUBE DE GASTROSTOMIE (STK);;5
REF1051;TUBE;TUBE ENDOTRACHEAL (STK);;3800
REF1052;TUBE;TUBE ENDOTRACHEAL PEDIATRIQUE (STK);;5
REF1053;TUBE;TUBE FLEXIBLE  S/1 (STK);;5
REF1054;TUBE;TUBE FLEXIBLE (FREE VENT) (STK);;5
REF1055;TUBE;TUBE GAUZE BANDAGE (STK);;5
REF1056;TUBE;TUBE WITH CAP   (S/500) (STK);;5
REF1057;TUBULURE;TUBULURE DE RACCORDEMENT (STK);;5
REF1067;TUYAU;TUYAU A OXYGENE (STK);;5
REF1068;TUYAU;TUYAU D'ASPIRATION (STK);;5
REF1069;UNIVERSALBINDE;UNIVERSALBINDE VRAC (STK);;5
REF1079;URGOTUL;URGOTUL DUO (C/3) (STK);;5
REF1080;SPARADRAP;SPARADRAP EXTENSIBLE  MEFIX 10CM X 10M (STK);;5
REF1082;VACCINOSTYLE;VACCINOSTYLE (ACCU-CHEK) B200 (STK);;5
CM1092;VICRYL;VICRYL 1 SERTI (B/36) (STK);conso;3500
CM1094;VICRYL;VICRYL 2-0 SERTI (B/36) (STK);conso;3500
CM1096;VICRYL;VICRYL 3-0 SERTI (B/36) (STK);conso;3500
CM1098;VICRYL;VICRYL 4-0 SERTI (B/36) (STK);conso;3500
CM1100;VICRYL;VICRYL 5-0 SERTI (B/36) (STK);conso;3500
REF1127;VIS;VIS ELECTRIQUE (STK);;5
REF1133;Vitros;Vitros CHOLESTEROL;;5
CM2344;PARACETAMOL;PARACETAMOL 500MG INJ (STK);medic;1000
M0840;PARACETAMOL;PARACETAMOL STADA 500MG SUPPO (B/10) (STK);medic;100
MED2;PARACO-DENK;PARACO-DENK COMP;medic;500
REF1153;ZINC;ZINC PAST BANDAGE (STK);;5
REF1157;AMITRIPTYLINE;AMITRIPTYLINE NEURAXPHARM  (B/20) (STK);;0
REF1158;BANDE;BANDE DE GAZE (MULLBINDE) 10CM X 4M (STK);;0
REF1159;BANDE;BANDE DE GAZE (MULLBINDE) 12CM X 4M (STK);;0
REF1160;BANDE;BANDE DE GAZE (MULLBINDE) 4CM X 4M (STK);;0
REF1161;BANDE;BANDE DE PAPIER (PAPIER BINDE) 10CM * 4M (STK);;0
REF1162;BANDE;BANDE DE PAPIER (PAPIER BINDE) 6CM * 4M (STK);;0
REF1163;BANDE;BANDE DE PAPIER (PAPIER BINDE) 8CM * 4M (STK);;0
REF1164;BENZINUM;BENZINUM 250mg (STK);;0
REF1165;BIO;BIO DISK (STK);;0
REF1166;BIOMERIEUX;BIOMERIEUX ASL KIT;;0
REF1167;CLONIDINE;CLONIDINE RETARD (B/100) (STK);;0
REF1168;D-DIMERE;D-DIMERE CLEAR TEST;;0
REF1169;DEKRISTOL;DEKRISTOL (B/50) (STK);;0
REF1170;DIGIMERCK;DIGIMERCK 0,07mg (B/100) (STK);;0
REF1171;DIGIMERCK;DIGIMERCK 0,1mg (B/100) (STK);;0
REF1172;DOXEPIN;DOXEPIN 100mg  (B/10);;0
REF1173;DOXEPIN;DOXEPIN 50mg  (B/10);;0
REF1174;DT;DT REFERENCE FLUID VITROS;;0
REF1175;HARNSAURE;HARNSAURE  LT-SYS (STK);;0
REF1176;HYUM;HYUM ASY CONTROL 2 RANDOX (STK);;0
REF1177;IDEALBINDE;IDEALBINDE (BANDE DE QLTE SUPERIEURE) 20 CM X 10 M   (STK);;0
REF1178;IDEALBINDE;IDEALBINDE (BANDE DE QLTE SUPERIEURE) 20 CM X 5 M   (STK);;0
REF1179;JAMES;JAMES BIOMERIEUX;;0
REF1180;LDH;LDH IFCC LT-SYST;;0
REF1181;MARCUPHEN;MARCUPHEN CT 3mg (B/20) (STK);;0
REF1182;MCP;MCP COMP (B/50) (STK);;0
REF1183;NAC;NAC (B/5) (STK);;0
REF1184;OPIPRAMOL;OPIPRAMOL 150  ((B/6));;0
REF1185;OPTISET;OPTISET APIDRA (STK);;0
REF1186;PREDNISONE;PREDNISONE 5mg (B/100) (STK);;0
REF1187;SULBACTAM;SULBACTAM (B/5) (STK);;0
REF1188;TRAMAL;TRAMAL LONG 50mg (B/50) (STK);;0
REF1189;TUBERCULOSE;TUBERCULOSE CLEAR TEST;;0
REF1190;VITROS;VITROS 7% BSA;;0
CE1500;CHIFFON;CHIFFON VITRE;;5
R3201;UREE;UREE BERTHELOT 10 x 50ml;;47400
M0845;PAVULON;PAVULON  INJ (STK);medic;2600
PG25;Penicilin;Penicilin 6 µg, 4 x 50 tests;medic;5
CM3100;AIGUILLE;AIGUILLE SPINALE 25 G (B/25) (STK);conso;2000
CB3100;EASY;EASY FLOW DRAINAGE (STK);;3000
M0847;PENIFLEX;PENIFLEX (CONVEEN) N°25 MM (STK);medic;3000
M2005;PENTO-DENK;PENTO-DENK 20 COMP (EXT);medic;17500
M1715;PIPERACILLINE;PIPERACILLINE ;medic;7750
R3100;GROUPAGE;GROUPAGE ANTI A;;11370
R3101;GROUPAGE;GROUPAGE ANTI B;;11370
R3102;GROUPAGE;GROUPAGE BIO-RAD ANTI AB;;5
CM3507;VITROS;VITROS SAMPLE CUPS;conso;5
M0779;placebo;placebo 1;medic;20
CM3400;BANDE;BANDE PLATREE 10CM X 2M (B/10) (STK);conso;5
CM3510;CONE;CONE BLEU Type 2 (S/500);conso;7000
CM3511;TUBE;TUBE VERT (P/100);conso;5
CM3560;PROLONGATEUR;PROLONGATEUR 75 CM (STK);conso;5
CM3561;PROLONGATEUR;PROLONGATEUR 140 CM (STK);conso;5
CM3520;FILET;FILET OMBILICAL/NABEL SET (P/50) (STK);conso;750
CM3521;FINK&WALTER;FINK&WALTER MULLKOPRESSEN STERILE 5x 5CM, (P/100x2);conso;0
CI3500;CASSETTE;CASSETTE CR MM3.0 MAMMO SET 18 x 24cm;;285000
CM3525;POCHE;POCHE D'URINE PEDIATRIC NON STERILE (STK);conso;5
CH3000;ACIDE;ACIDE CONCENTRE SIMPLE 10 L (rouge);;5
CH3202;SEL;SEL DE DIALYSE;;0
CM3530;STERILE;"STERILE MULLKOMPRESEN 10x10cm, 8-PLIS ""2pcs"" VRAC";conso;0
CM3531;STERILE;"STERILE MULLKOMPRESEN 10x10cm, 16-PLIS ""20pcs"" VRAC";conso;0
CB3533;BOULE;BOULE DE GAZ 25 X 25CM (P/10);;0
CB3534;BOULE;BOULE DE GAZ 40 X 40CM (P/10);;0
CM3535;STERILE;"STERILE MULLKOMPRESEN 10x10cm, 12-PLIS ""10pcs"" VRAC";conso;0
CM3300;GANTS;GANTS STERILES ;conso;1345
CB3000;BAUCHTUCHER;"BAUCHTUCHER 20 X 30cm ""02"", 4plis (STK)";;0
CB3001;BAUCHTUCHER;"BAUCHTUCHER 08 X 90cm ""02"", 4plis (STK)";;0
CB3002;SCALPEL;SCALPEL N° 11 ;conso;5
CM1274;PACEMAKER;PACEMAKER + SONDE;conso;2650000
DIV1500;URINOIR-COLLECTEUR;URINOIR-COLLECTEUR D'URINE (STK);;0
R4100;MILIEU;MILIEU DE CULTURE GELOSE COLUMBIA;;0
R4101;MILIEU;MILIEU DE CULTURE GELOSE CLED;;51275
R3600;SOLUTION;SOLUTION DE FUCHSINE;;33290
R1610;SOLUTION;SOLUTION DE LUGOL;;34000
R1611;REACTIF;REACTIF DE KOVACS;;15200
CM1570;PAPIER;PAPIER ECG NIHON KOHDEN 21 x 14CM (PQT);conso;0
CM3512;TUBE;TUBE SEC MICROTAINER (P/100);conso;0
CM3513;TUBE;TUBE VIOLET MICROTAINER (P/100);conso;0
CM3515;TUBE;TUBE BLEU CITRATE MICROTAINER (P/100);conso;0
M6354;PLEUROCATH;PLEUROCATH ;medic;7460
PG41;Trimethoprime-Sulfamide;Trimethoprime-Sulfamide ;;12000
M0872;POCHE;POCHE  A  DEMEURE (STK);medic;1840
CM3563;PROLONGATEUR;PROLONGATEUR 50 CM (STK);conso;0
CM3565;DRAIN;DRAIN DE KEHR EN T (STK);conso;0
CM3567;KIT;KIT KATHETER SALINE;conso;0
M0879;POCHE;POCHE D' URINE 1500 ML (C/150) (STK);medic;1840
CM1640;EURODERM;EURODERM (PANSEMENT TRANSPARENT) 6x7cm, (P/100);conso;3
CE1400;NETTOYANT;NETTOYANT VITRE 1L;;1500
CM1551;GANTS;GANTS D'EXAMEN VINYL (P/100);conso;5
CM1648;BAVETTE;BAVETTE (OP-MASK) AVEC LUNETTE (P/50);conso;5
CM1649;BOBINE;BOBINE D'ESSUIE-MAINS (STK);conso;5
CM1651;BONNET;BONNET (P/60);conso;5
CM1655;SERVODERM;"SERVODERM ""MEDIWARE"" 10 x 9 CM (B/25)";conso;5
CM1657;SERVODERM;"SERVODERM ""MEDIWARE""  7,5x5 CM (B/50)";conso;5
CM1659;PANSEMENTS;PANSEMENTS ADHESIFS STERILES 10x10 CM;conso;5
CM1660;PANSEMENT;PANSEMENT INTERFACE SILICONE 7,5x10CM;conso;5
CM1661;STERILE;"STERILE MULLKOMPRESEN 10x20cm, 8-PLIS ""2pcs""";conso;5
CM1662;TABLIER;TABLIER Type 2;conso;5
M0881;POCHE;POCHE D'URINE PEDIATRIC STERILE (STK);medic;5
CM1665;COMPRESSE;"COMPRESSE DE GAZE ""GAUZE"" 5x5CM (STK)";conso;5
CM1666;AMBU;AMBU (STK);conso;5
CM1667;SPARADRAP;"SPARADRAP SANS LATEX ""NEXTCARE"" (P/10)";conso;5
CM1668;PANSEMENTS;PANSEMENTS ADHESIFS STERILE 10x20 CM (P/50);conso;5
CM1675;STERI-STRIP;STERI-STRIP ;conso;5
CM1690;SONDE;SONDE VESICALE (URINAIRE) DE TIEMANN N° 14 (STK);conso;1840
CM1691;SONDE;SONDE VESICALE (URINAIRE) DE TIEMANN N° 16 (STK);conso;1840
CM1692;SONDE;SONDE VESICALE (URINAIRE) DE TIEMANN N° 18 (STK);conso;1840
CM1693;SONDE;SONDE VESICALE (URINAIRE) B BRAUN N° 14 (STK);conso;1840
CM1694;SONDE;SONDE VESICALE (URINAIRE) B BRAUN N° 16 (STK);conso;1840
CM1697;BANDE;BANDE DE PROTECTION EN COTON (STK);conso;5
CM1698;PETIT;PETIT TAMPON (B/10);conso;5
CM1801;GOUPILLON;GOUPILLON TH;conso;4500
CM1802;GOUPILLON;GOUPILLON TE;conso;6500
CB1580;BAUCHTUCHER;"BAUCHTUCHER 40 X 40cm, ""BLEU"" 4plis (STK)";;5
CI600;GADOLINIUM;GADOLINIUM 15/20ml (STK);;25000
CM1676;THERMOMETRE;THERMOMETRE (STK);conso;2550
R3110;GROUPAGE;GROUPAGE ANTI AB;;5200
R3111;GROUPAGE;GROUPAGE ANTI D;;8500
CE1000;SAGROTANT;SAGROTANT ;;5
DIV1501;SAVON;SAVON DE TOILETTE (STK);;175
R1710;GROUPAGE;GROUPAGE BIO-RAD ANTI D;;5
M0882;POCHE;POCHE VESICALE (STK);medic;1840
M0887;PONCTION;PONCTION ;medic;700
M0635;POSTERISAN;POSTERISAN (LIDO - POSTERINE) STK;medic;500
R1679;AgHBS;AgHBS 50 TESTS;;28000
M0891;POTASSIUM;POTASSIUM  AMP  INJ;medic;110
R1630;METHANOL;METHANOL ;;20000
CM5002;HYDROPHOBE;HYDROPHOBE ;conso;20000
CM1700;BAS;BAS ANTI-THROMBOSE;conso;25000
R4102;MILIEU;MILIEU DE CULTURE GELOSE HEKTOEN;;56750
M1031;PREDMISOLUD;PREDMISOLUD  25 MG (STK);medic;1760
M1555;PREDMISOLUD;PREDMISOLUD  250 MG 1 AMP INJ ;medic;5600
CM5000;AIGUILLE;AIGUILLE A PL;conso;2000
M1044;PREDMISOLUD;PREDMISOLUD  50MG 1 AMP INJ ;medic;3535
M1033;PREDMISOLUD;PREDMISOLUD  50MG AMP INJ (B/3);medic;3535
CM1682;SONDE;"SONDE ""STERIDAN""";conso;5
CM1683;TUYAU;TUYAU AVEC ENTONOIR (STK);conso;5
CM1684;BALLON;BALLON CATHETER N° 20 (STK);conso;5
CM1685;PROSET;PROSET PAED;conso;5
CM1687;ENSEMBLE;ENSEMBLE D'ASPIRATION (STK);conso;5
CM1688;SEPTODERME;SEPTODERME (STK);conso;5
M1612;PREDMISOLUD;PREDMISOLUD 1000  MG (B/1) (STK);medic;0
M1032;PREDMISOLUD;PREDMISOLUD 250 MG AMP INJ (B/3) ;medic;12040
CI;FILM;FILM DT 2B MAMMO 25X30;;5
CM1699;ATTELLE;"ATTELLE SANS PROTECTION FEUTREE ""PRIMACAST""";conso;10000
CI1300;IOMERON;IOMERON 350 (150ml);;50000
CI301;RADIOSELECTAN;RADIOSELECTAN 20MG (STK);;2780
CM1580;STERILIUM;STERILIUM GEL 500ML (STK);conso;0
CE1270;PAPIER;PAPIER HYGIENIQUE (S/60);;7300
R2610;CALCIUM;CALCIUM CHLORIDE (0.025M);;5600
PG50;Bactrim;Bactrim 50 TESTS;;2300
R1713;MAGNESIUM;MAGNESIUM - LT;;5
R1714;SOLUTION;SOLUTION DE KINYOUN;;5
R1715;SOLUTION;SOLUTION DE GABETT;;5
R1716;GOT/ASAT;GOT/ASAT LABOR TECHNIK;;5
R1718;ASL0;ASL0 LATEX TEST - LT;;5
R1719;TRINICLOT;TRINICLOT CALCIUM CHLORIDE 0,025M;;5
R1720;FACTEUR;FACTEUR RHUMATHOIDE LATEX TEST - LT;;5
M1701;PREVISCON;PREVISCON ;medic;0
R127;COLORANT;COLORANT HAEMA-SCHNELLFARBUNG;;5
R1440;CK-MB;CK-MB BIOLABO;;30070
CM0333;OPTIJECT;OPTIJECT 350MG  B/50ML;conso;16740
CM0334;OPTIJECT;OPTIJECT 350MG B/125ML;conso;38040
CI100;DOTAREM;DOTAREM 0.5MMOL/ML  B/15ML;;41155
CI101;DOTAREM;DOTAREM 0.5MMOL/ML B/20ML;;52110
CI102;DOTAREM;DOTAREM 0.5MMOL/ML B/10ML;;28705
CM105;URGOTUL;URGOTUL LIPIDO-COLLOID 10*40cm;conso;5
CM1730;GANTS;"GANTS STERILES N° 7,5 ""PAIRE"" (P/50)";conso;15000
CM1731;GANTS;"GANTS STERILES N° 8 ""PAIRE"" (P/50)";conso;15000
MAT1648;PRIMPET;PRIMPET 100-1000 µl;medic;105000
M1588;PRODUIT;PRODUIT DE CONTRASTE;medic;0
R1725;BIOCHEMISTRY;BIOCHEMISTRY CALIBRATOR 5 x 5ML;;32360
CM1800;POCHE;"POCHE DE SANG ""CNTS""";conso;6000
CM1820;POCHE;"POCHE A SANG +""ACTE""";conso;5000
DIV1502;HABIT;HABIT KANGOUROO;;0
M1249;PROFENID;PROFENID 100 MG AMP;medic;1720
CM16016;ACCUPAQUE;ACCUPAQUE 300  50ML B/10;conso;5
R1411;BIO;BIO TP 6X4ML;;15645
CM111;TUBE;TUBE CITRATE C/150;conso;23570
M0915;PROLENE;PROLENE AVEC AIGUILLE (STK);medic;3500
CI1301;IOMERON;IOMERON 400 (150ML);;50000
R161;PHOSPHATASE;PHOSPHATASE ALCALINE 5X80ML LT;;5
R158;BOUILLON;BOUILLON COEUR-CERLLE (BHI-D);;5
R154;HARNSTOFF;HARNSTOFF LT-UR 0050;;5
M0916;PROLENE;PROLENE SANS AIGUILLE (STK);medic;3000
R277;VIDAS;VIDAS QUALITY CONTROL;;50000
R456;GELOSE;GELOSE KLIGLER (KLIGLER-T);;46500
R258;CK-NAC;CK-NAC LT;;5
R123;CK-MB;CK-MB LT;;5
R159;CELLULOSE;CELLULOSE ACETAT MEMBRANES;;5
R1600;TP;TP 4 x 5 ML;;38820
M0917;PROLONGATEUR;PROLONGATEUR A O2 (STK);medic;0
CI16017;ACCUPAQUE;ACCUPAQUE 300 MG 10 X 200ML;;5
CI1225;PRODUIT;PRODUIT DE CONTRASTE ACCUPAQUE 300MG 50 ML;;5
M1562;PROPOFOL;PROPOFOL 1% 10MG/ML 5 X 20 ML (STK);medic;3500
M0921;PROSTIGMINE;PROSTIGMINE AMP.;medic;400
M0922;PROTAMINE;PROTAMINE 5000 U I (B/5) (STK);medic;5
R126;ROTOR;ROTOR POUR AUTOMATE BIOCHIMIE A15;;56000
CM12;COMPRESSE;"COMPRESSE DE GAZE""GAUZE"" 5X5CM B/150";conso;5
CM 789;PAPIER;PAPIER PHOTO A4 120g/m P/250;conso;1500
CM756;BOULES;BOULES DE GAZE 20X20 CM;conso;5
CM 786;COMPRESSE;COMPRESSE STERIL SCHLINGGAZETUPFER 30X30 CM STK;conso;5
CM741;OP-TUCH;OP-TUCH COMPRESSE 8X80 CM STK;conso;5
CM753;BAUCHTUCHER;BAUCHTUCHER 50X60CM;conso;5
CM456;MULTICOMPRESSE;MULTICOMPRESSE 5X5CM P/100 STK  12FACH;conso;5
CM159;MULTICOMPRESSE;MULTICOMPRESSE 5X5CM P/25 STK 12 FACH;conso;5
CM126;MULTICOMPRESSE;MULTICOMPRESSE STERILE 5X5CM P/25 8FACH;conso;5
CM1471;REDON;REDON  N°12 (C/100);conso;5
CM7411;REDON;REDON N°10 (C/100);conso;0
CM142;REDON;REDON N° 14 (C/100);conso;5
CM183;MULLBINDEN;MULLBINDEN 10CMX4M  B/20;conso;0
CM 759;MESORB;MESORB PANSEMENT ABSORBANT 23X25CM C/30;conso;0
CE1448;EAU;EAU DE JAVEL 5L ;;1500
CM1599;BAS;BAS ANTI THROMBOSE XL STK;conso;0
CM357;RACCORD;RACCORD DE SONDE D'ASPIRATION C/100 STK;conso;0
CM 963;ELASTOMULL;ELASTOMULL BANDE 4X4CM B/20 STK;conso;0
CM 743;COMPRILAN;COMPRILAN BANDE A ELASTICITE FAIBLE 10X5CM B/1;conso;0
M0925;PYOSTACINE;PYOSTACINE  500 COMP.;medic;750
CM4567;BANDE;BANDE ELASTIQUE FIXATION 10CMX4M STK;conso;5
CM4538;BANDE;BANDE ELASTIQUE FIXATION 12CMX4M;conso;5
CM47821;BANDE;BANDE ELASTIQUE FIXATION 12CMX20M;conso;5
CM1472;BANDE;BANDE ELASTIQUE FIXATION 6CMX4M;conso;5
CM1473;BANDE;BANDE ELASTIQUE FIXATION 8CMX4M;conso;5
CM1237;COMPRESSE;COMPRESSE GAUZE 7.5X7.5CM B/150;conso;5
CM 1234;COMPRESSE;COMPRESSE 5CMX5CM ;conso;5
CM1654;COMPRESSE;COMPRESSE NON STERILE 7.5 X7.5 CM C/1000;conso;5
CM1287;COUCHE;COUCHE ADULTE B/26  STK;conso;500
CM1247;COUCHE;COUCHE ADULTE B/25  STK;conso;500
CM1314;ENVELOPPE;ENVELOPPE BLANCHE P/500;conso;5
M1527;QUININE;QUININE 600 MG AMP 2ML INJ (STK);medic;0
M0942;RANITIC;RANITIC  300MG B/30 COMP. (STK);medic;245
CM1789;METRA;METRA SOFT-H 4 CM X 5 MB/1;conso;5
CM2471;MULTICOMPRESSE-SETS;MULTICOMPRESSE-SETS 10X10CM C/20;conso;5
CM2473;NOVAMINSULFON;NOVAMINSULFON GTTE B/1;conso;5
CM2154;TANET;TANET AZ 70°C 2L C/4  STK;conso;5
CM2417;VOLTAREN;VOLTAREN EMULGEL 1000G STK;conso;5
CM2345;XYLOCAï¿½NE;XYLOCAÏNE 2% INJ B/5;conso;5
CM2751;NEOSTIGMIN-ACTAVIS;NEOSTIGMIN-ACTAVIS INJ  B/10  STK (NANOXONE);conso;5
CM2135;BANDE;BANDE ELASTIQUE NOBALUX 6CMX4M B/20;conso;5
CM2457;GADOPENTETAT-MRT;GADOPENTETAT-MRT 0.5MMOL 10MLX10;conso;5
R1247;VIDAS;VIDAS TOTAL IgE 60 tests;;5
R1237;GLUCOSE;GLUCOSE GOD-PAP  LABOR TECHNIK;;5
CB123;LIDOCAIN;LIDOCAIN INJ 1% B/20 STK;;5
R1248;CREATININE;CREATININE 4X50ML;;17630
CM2134;SONDE;SONDE NASOGASTRIQUE N°18  STK;conso;2500
CB 123;FICHE;FICHE COMPTABLE POST-OPERATOIRE  STK;;50
M0943;RANITIC;RANITIC 10MG/ML AMP  INJ. (B/5) (STK);medic;1120
M0944;RANITIDINE;RANITIDINE  400MG  COMP. (STK);medic;500
AT1234;INSECTICIDE;INSECTICIDE KILL IT FLC  STK;;1400
CM2315;SONDE;SONDE D'ASPIRATION N°14 STK;conso;0
CM2341;SONDE;SONDE D'ASPIRATION N°16 STK;conso;0
CM2452;SONDE;SONDE D'ASPIRATION N°18 STK;conso;0
CM1872;CANULE;CANULE DE TRANSFERT STK;conso;0
R1750;DETERMINE;DETERMINE HIV 1 ET 2 100 TESTS;;75000
CM2157;AMPOULE;AMPOULE ALOGENE POUR A15 DE 6V/10W  STK;conso;60815
CM2354;SOLUTION;SOLUTION DE LAVAGE POUR AUTOMATE A15;conso;28500
CM2319;MONOCRYL;MONOCRYL 6-0 STK;conso;3500
R1234;STAPHYTECT;STAPHYTECT PLUS 100 TESTS;;52000
CM 125;COMPRESSE;COMPRESSE STERILE 10X20CM  B/5;conso;5
CM123;URGOPAST;URGOPAST 5M X 8CM SPARADRA ;conso;5
CM147;AIGUILLE;AIGUILLE ROSE  18G B/100;conso;5
CM158;COUCHE;COUCHE ADULTE S/28  STK;conso;500
R150;TRIGLYCERIDE;TRIGLYCERIDE  LT;;5
CM2136;BANDE;BANDE ELASTIQUE ;conso;5
CM3125;PANSEMENT;PANSEMENT ADHESIF FINK & WALTER 10X 20CM B/50;conso;5
CM154;PANSEMENT;PANSEMENT ADHESIF FINK&WALTER 5X7,2CM B/100;conso;5
CM164;PANSEMENT;PANSEMENT ADHESIF FINK &WALTER 8X10 CM B/50;conso;5
CM137;PANSEMENT;PANSEMENT ADHESIF FINK &WALTER 8X15 CM B/50;conso;5
M0945;RANITIDINE;RANITIDINE INJ. (STK);medic;1610
PG6;Rï¿½actif;Réactif  Anti B;medic;0
PG7;Rï¿½actif;Réactif  Anti D;medic;0
PG4;Rï¿½actif;Réactif Anti A;medic;0
CM2145;AIGUILLE;AIGUILLE 27G B/100;conso;5
CM2311;BD-VACCUTAINER;BD-VACCUTAINER ECLIPSE B/100 STK;conso;5
CM1569;CLOUS;CLOUS SANTRO-MEDULAIRES;conso;0
CM2415;LEVOFLOXACIN;LEVOFLOXACIN 5MG/5ML B/1;conso;5
PG5;Rï¿½actif;Réactif Anti A,B;medic;0
CM3126;RECONVAN;RECONVAN ;conso;16400
R1222;CALCIUM;CALCIUM ARSENAZO III LT;;5
R1241;TOBRAMYCIN;TOBRAMYCIN 4X 50 TESTS;;5
M0389;REDOVAC;REDOVAC (C/25) (STK);medic;3000
M0948;REGULATEUR;REGULATEUR DE DEBIT (STK);medic;10000
REF1222;SAVON;SAVON LINGERIE 2KG;;2000
MED1;RIBATRAN;RIBATRAN COMP;medic;500
M0962;RINGER;RINGER  LACTATE  1000 ML (STK);medic;2000
M0963;RINGER;RINGER LACTATE 500 ML (C/10) (STK);medic;960
M1422;RINGER;RINGER LOSING 1L;medic;1920
CM3214;PLASMA;PLASMA FRAIS;conso;2200
M0964;RIOPAN;RIOPAN GEL (STK);medic;350
CM3215;PROLENE;PROLENE 4-0 SERTI (B/36) (STK);conso;3500
CM3216;CIRE;CIRE A OS;conso;3500
CM3217;ELECTRODES;ELECTRODES ;conso;3500
CM1491;PLATRIX;PLATRIX /BANDE PLATREE 8CM X 3M STK;conso;5
CB1234;KODAN;KODAN 1L STK;;5
M1372;RIVANOL;RIVANOL 1000 MG COMP (STK);medic;5
CM1457;GANTS;GANTS NITRIL B/150;conso;5
M0967;RIVOTRIL;RIVOTRIL ROCHE 1MG/ML INJ (B/5) (STK);medic;5
REF911;RIVOTRIL;RIVOTRIL TROPFEN (GTTES) 2,5MG/ML ;medic;8000
REF867;RIVOTRIL;RIVOTRIL TROPFEN (GTTES) 2,5MG/ML  (STK);medic;8000
M0968;ROBINET;ROBINET A 3 VOIES (STK);medic;2000
M1714;ROCURONIUM;ROCURONIUM ;medic;3500
CM1458;SONDE;SONDE D'INTUBATION 6 1/2;conso;5
CM2342;SONDE;SONDE D'INTUBATION 7 1/2;conso;5
R213;KOVACS;KOVACS tests ;;5
REF875;SALBUTAMOL;SALBUTAMOL STADA 1,5MG/2,5ML INJ (B/50 ) (STK);medic;5
M0983;SAT;SAT ;medic;2275
MAT2500;SATUROMETRE;SATUROMETRE (OXYMETER) (STK);medic;5
MT1548;SEMELLE;SEMELLE ORTHOPEDIQUE Type 1 (STK);medic;0
MT1549;SEMELLE;SEMELLE ORTHOPEDIQUE Type 2 (STK);medic;7500
M1717;SEPTOPAL;SEPTOPAL ;medic;20000
M0986;SERINGUE;SERINGUE  50 ML (STK);medic;1500
M0988;SERINGUE;SERINGUE 1 ML clexane (B/100) (STK);medic;0
M0989;SERINGUE;SERINGUE 10 ML (STK);medic;200
M0992;SERINGUE;SERINGUE 5 ML (B/100) (STK);medic;125
M0987;SERINGUE;SERINGUE 50/60 ML A VIS AVEC AIGUILLE (STK);medic;1750
M0995;SERUM;SERUM  GLUCOSE  ISOTONIQUE 5% 100 ML;medic;410
CM1278;BETADINE;BETADINE 2000 ML (STK);conso;5450
M0998;SERUM;SERUM GLUCOSE 10% 1L (STK);medic;2030
M0999;SERUM;SERUM GLUCOSE 10% 250ML (STK);medic;1260
M1000;SERUM;SERUM GLUCOSE 10% 500ML (C/10) (STK);medic;1500
M1001;SERUM;SERUM GLUCOSE 12% 1LITRE (STK);medic;2200
M1002;SERUM;SERUM GLUCOSE 12% 500ML (STK);medic;1600
M1003;SERUM;SERUM GLUCOSE 20% 1000 ML (STK);medic;2500
M1004;SERUM;SERUM GLUCOSE 30% 250ML (STK);medic;1370
M1005;SERUM;SERUM GLUCOSE 30% 500ML (STK);medic;1700
M1006;SERUM;SERUM GLUCOSE 30% AMP. DE 10ML (STK);medic;115
M1007;SERUM;SERUM GLUCOSE 50% 50 ml (STK);medic;500
M1008;SERUM;SERUM GLUCOSE 50% 500ML (STK);medic;2500
M1009;SERUM;SERUM GLUCOSE ISOTONIQUE 5% 250ML (STK);medic;740
M1010;SERUM;SERUM GLUCOSE ISOTONIQUE 5% 500ML (C/10) (STK);medic;780
M1222;SERUM;SERUM HAES-STERIL 6% 500ML  STK;medic;5
M1011;SERUM;SERUM SALE  ISOTONIQUE  100  ML (STK);medic;610
M1012;SERUM;SERUM SALE ISOTONIQUE 250ML (SSI) (STK);medic;400
M0996;SERUM;SERUM SALE ISOTONIQUE 500 ML (SSI) (C/10) (STK);medic;600
M1015;SIMVAHEXAL;SIMVAHEXAL  20 MG COMP;medic;200
M0004;SIMVAHEXAL;SIMVAHEXAL 20 MG B/30 COMP;medic;7460
M01523;SIMVAHEXAL;SIMVAHEXAL 20 MG COMP;medic;250
M1018;SIOFOR;SIOFOR 850 MG COMP (B/60) (STK);medic;115
M1023;SMECTA;SMECTA SACHET (B/30) (STK);medic;125
M2000;SOLU-MEDROL;SOLU-MEDROL 120 MG (EXT);medic;1760
CM1780;AIGUILLE;AIGUILLE DE NEUROSTIMULATION;conso;53800
M2004;SOLU-MEDROL;SOLU-MEDROL 20 MG (EXT);medic;1760
M1038;SOLU-MEDROL;SOLU-MEDROL 40MG (EXT);medic;1600
M1039;SOLUPRED;SOLUPRED 20MG  CP (STK);medic;220
M1043;SONDE;SONDE  D'OXYGENATION (STK);medic;0
M1049;SONDE;SONDE D'ASPIRATION N° 12  (STK);medic;1840
CM1591;BETADINE;BETADINE JAUNE 125 ML ;conso;1205
M2233;SONDE;SONDE D'ASPIRATION N° 12  (STK);medic;1840
M1045;SONDE;SONDE NASOGASTRIQUE N°12  (STK);medic;2000
M1278;SPASFON;SPASFON 4 ML AMP INJ (STK);medic;500
MAT1568;SPIROMETRE;SPIROMETRE ;medic;90000
MAT125;STETHOSCOPE;STETHOSCOPE STK;medic;5
M2013;STRESAM;STRESAM 50 MG GEL  (B/60 );medic;6000
M1614;SULBACTAN-ACTAVIS;SULBACTAN-ACTAVIS 1000 MG INJ (B/5) (STK);medic;5
M1559;SULFATE;SULFATE DE MAGNESIUM B/10 AMP (STK);medic;4750
CM5018;FIXOMUL;FIXOMUL 10CM x 20M (BOITE);conso;5
M1529;SULFATE;SULFATE DE QUININE 300 MG COMP (STK);medic;60
CM1111;BANDE;BANDE ELASTIQUE 10CM X 5M (B/10) ;conso;700
M1427;SURGICIEL;SURGICIEL 1.25 * 5 CM;medic;10000
M1423;SURGICIEL;SURGICIEL 5 *35 CM;medic;40350
M1505;TAMOXIFEN;TAMOXIFEN 20 MG COMP (B/30);medic;16000
CM1465;GANTS;GANTS LATEX NON STERILES PAIRE;conso;5
CM1900;GANTS;GANTS LATEX PEHA-SOFT (B/200);conso;5900
M1096;TAVANIC;TAVANIC  500 MG  COMP. (BOITE);medic;2000
M1244;TAVANIC;TAVANIC 250MG INJ B/50 ML;medic;11000
M1099;TAVEGIL;TAVEGIL 2MG/5ML  AMP INJ. (B/5) (STK);medic;5500
M1998;TAVOR;TAVOR (LORMETAZEPAM) 1,0 MG 1 COMP;medic;12000
M0775;TAVOR;TAVOR (LORMETAZEPAM) 1,0 MG B/50;medic;12000
M0769;TENECTEPLASE;TENECTEPLASE (METALYSE);medic;650000
M1114;TENORMINE;TENORMINE 100MG;medic;320
CM2555;FIXOMUL;FIXOMUL 1M;conso;5
MAT1567;TENSIOMETRE;TENSIOMETRE BOSSO MEDICUIS;medic;80000
MAT124;TENSIOMETRE;TENSIOMETRE HS STK;medic;5
M2008;TENSOPLASTE;TENSOPLASTE 10CM X 2,5 M;medic;3665
M8888;TETAGAM;TETAGAM 9  1ML;medic;3600
M1426;TETRASPAN;TETRASPAN ;medic;850
REF0152;MEDICAMENTS;MEDICAMENTS ;;5
M1124;THERALENE;THERALENE GTTES;medic;20
M1703;TIBERAL;TIBERAL ;medic;0
M1227;TILL;TILL GOUTTES;medic;12000
MT1544;TIRE-LAIT;TIRE-LAIT (STK);medic;0
M1456;TRABAL;TRABAL 100 MG AMP;medic;1405
M1136;TRAMAL;TRAMAL 100 MG AMP. (B/5) (STK);medic;1405
M1141;TRANSFUSEUR;TRANSFUSEUR (STK);medic;840
MED4;TRANXEN;TRANXEN COMP;medic;500
M2235;TRAUMEELES;TRAUMEELES INJ;medic;3000
M1165;UBRETID;UBRETID 0,5 MG AMP INJ (STK);medic;5
M3002;URAPIDIL;URAPIDIL 25MG INJ 5 X 5ML (B/5) (STK);medic;1900
CM1152;MASQUE;MASQUE A HAUTE CONCENTRATION;conso;8000
M1649;URAPIDIL;URAPIDIL 50 MG INJ 10 ML  (STK);medic;720
M1644;URAPIDIL;URAPIDIL 50 MG INJ 5 X 10 ML (B/5);medic;3600
M2016;UTEPLEX;UTEPLEX ;medic;0
M09800;VALIUM;VALIUM 10MG INJ (B/6);medic;2250
M1646;VANCOMYCINE;VANCOMYCINE I.V 250MG FLC;medic;2150
M1547;VANCOMYCINE;VANCOMYCINE I.V 500MG FLC;medic;7870
M1181;VAT;VAT ;medic;1265
M7778;VENTOLINE;VENTOLINE 2,5 MG POUR NEBULISATION;medic;210
M0888;VERBANDMUL;VERBANDMUL COMPRESSE 65 CM X 100 M (BOITE);medic;13335
M0293;VERBANDMUL;VERBANDMUL COMPRESSE 65 CM X 100 M (STK);medic;13335
PG13;Vidas;Vidas  HCG, 60 tests;medic;5
PG9;Vidas;Vidas Ag HBS Ultra, 60 tests;medic;65570
R5;Vidas;Vidas IgE, B/6O Tests;medic;5
R6;Vidas;Vidas Rub IgM, B/30 Tests;medic;182460
M1192;VIT;VIT  B  COMPLEXE  INJ (STK);medic;145
M1193;VIT;VIT  B12  INJ (STK);medic;280
M5855;MATERIELS;MATERIELS DE PROTHESE DE HANCHES;conso;3000000
M1194;VIT;VIT  C  INJ (STK);medic;125
M1198;VIT;VIT K1 AMP INJ (STK);medic;1000
M0771;VITOCIN;VITOCIN 10 UI STK;medic;2500
R15;Vitros;Vitros K+, 25 Tests;medic;12639
M1200;VOGALENE;VOGALENE AMP INJ. (STK);medic;288
M1518;VOLTAREN;VOLTAREN POMMADE 100G (STK);medic;5
CM5285;COLLIER;COLLIER CERVICALE;conso;53800
M5783;XARELTO;XARELTO 10MG ;medic;5
M1145;XARELTO;XARELTO 15MG CP ;medic;5
M5782;XARELTO;XARELTO 20MG CP ;medic;5
M1146;XIPAMID;XIPAMID CT 40MG COMP (B/30) (STK);medic;5
M1147;XIPAMID;XIPAMID RATIOPHARM 10MG (B/50) (STK);medic;5
M0997;xxxxxxxxxxxxxxxxxxxxx;xxxxxxxxxxxxxxxxxxxxx ;medic;620
CM5224;SONDE;SONDE  D'INTUBATION ARMEE;conso;0
M1208;XYLOCAINE;XYLOCAINE 1% 5ML (STK);medic;735
M1613;XYLOCAINE;XYLOCAINE 2% GEL (STK);medic;735
M1631;XYLONEST;XYLONEST 1% B/10;medic;7500
M1620;XYLONEST;XYLONEST 1% FL 50ML B/5 (STK);medic;750
M1217;ZINACEF;ZINACEF  1500MG (STK);medic;8960
M1658;ZOPHREN;ZOPHREN 8 MG COMP (STK);medic;115
CM1821;POCHE;POCHE A SANG PEDIATRIQUE;conso;3500
M1223;ZOVIRAX;ZOVIRAX  COMP. (STK);medic;745
