SUNU ASSURANCE;Locale
GTA ASSURANCES;Locale
EMI AFRIQUE;Locale
ACA;Locale
SAHAM ASSURANCE;Locale
ASCOMA;Locale
FIDELIA ASSURANCE;Locale
LA DOUANIERE;Locale
UNHCR;Locale
MEPHISTO INSURANCE UNIVERSAL;Locale
WAPCO;Locale
SNPT (MUTUELLE DU PERSONNEL);Locale
MUTUELLES DES AFFAIRES ETRANGERES;Locale
DELMA  TOGO;Locale
BOAD;Locale
BCEAO;Locale
VAC -TOGO;Locale
GETMA MANUPORT;Locale
UNICEF;Locale
CNSS;Locale
CEB;Locale
OMS;Locale
ASECNA;Locale
ALLIANZ;Locale
BAP;Locale
CORLAY-TOGO/MRS;Locale
KJH;Locale
TOTAL  TOGO;Locale
INAM;Locale
UTB;Locale
REUNICA;Locale
AMBASSADE DU NIGERIA/NIGERIA EMBASSY;Locale
BIT;Locale
NU;Locale
SODECO;Locale
BIDC/CEDEAO;Locale
ACA/ SOLIDARITE +;Locale
WAGES;Locale
CBM;Locale
ASKY;Locale
GCA;Locale
SOBEMAP;Locale
NSCT;Locale
ORABANK;Locale
PNUD;Locale
SECMI AGRI;Locale
AMBASSADE D'ALLEMAGNE/AMBAL;Locale
BTCI;Locale
OMA     (OIL & MARINE AGENCIES);Locale
OTAM;Locale
FRANCOPHONIE;Locale
CICA-RE;Locale
MI;Locale
HEAVYMAT INDUSTRY;Locale
TDE;Locale
BAT;Locale
BAD;Locale
BORNEFONDEN;Locale
BTD;Locale
FAO;Locale
HCDH;Locale
GEN;Locale
SHELL TOGO;Locale
CABINET 3A;Locale
BAH BKK;Locale
BRASSERIE BB;Locale
STE-LOME;Locale
HCNDN;Locale
GMF;Locale
AUTRES ASSURANCES LOCALES;Locale
FAMILLE DZREKE;Locale
AMBASSADE DE LYBIE;Locale
BENEFICIAL LIFE INSURANCE;Locale
HOTEL SARAKAWA;Locale
HOTEL IBIS;Locale
PAM;Locale
BIA;Locale
SALT;Locale
MANUPORT;Locale
POMAR TOGO;Locale
BOA-TOGO;Locale
UNFPA;Locale
CRRAE-UMOA;Locale
LOME CATERING;Locale
STSL;Locale
CLINIQUE SANTE POUR TOUS ;Locale
AMBASSADE DES ETATS-UNIS;Locale
T-OIL;Locale
NSIA SENEGAL;Locale
KOIKA COREE;Locale
UNION EUROPEENNE;Locale
ASCOMA BENIN;Locale
AUTRES FACTURES REGLEES;Locale
AMBASSADE DU SENEGAL AU TOGO;Locale
ASSUR;Locale
AFRICAINE DES ASSURANCES;Locale
COMPLEMENTAIRE SANTE A L'INAM;Locale
OGAR ASSURANCE;Locale
STE NTA;Locale
AFRICA-PARK;Locale
UNREC;Locale
ETOILE FILANTE;Locale
LCT;Locale
MSC;Locale
DIWA INTERNATIONAL;Locale
TOM;Locale
OLEA ASSURANCE;Locale
SAHAM SINISTRE;Locale
MEDLOG-TOGO;Locale
KEKELI EFFICIENT POWER;Locale
OMS BIS;Locale
AFRIC ASSISTANCE;Etrangere
ALMEDA;Etrangere
EUROCROSS;Etrangere
GMC/HENNER;Etrangere
SOS INTERNATIONAL;Etrangere
MONDIAL ASSISTANCE (CEM);Etrangere
CIGNA;Etrangere
BKK;Etrangere
MONDIAL  SOS;Etrangere
MONDIAL  AIDE;Etrangere
MONDIAL ALLEMANIA;Etrangere
CPAM;Etrangere
BENIN SECURITE;Etrangere
MGEN;Etrangere
SOFIA;Etrangere
CANADA SECURITY;Etrangere
CFE;Etrangere
VISA PREMIER ASSISTANCE;Etrangere
DES JARDINS;Etrangere
CHARITIS;Etrangere
AOK;Etrangere
PREVINTER;Etrangere
DKV;Etrangere
APRIL ASSISTANCE FRANCE;Etrangere
BUPA INTERNATIONAL;Etrangere
MACIF;Etrangere
AXA ASSISTANCE;Etrangere
CERFA;Etrangere
SANITAS;Etrangere
SECE;Etrangere
GCM;Etrangere
INTER MUTUELLE ASSISTANCE/ IMA;Etrangere
MUTUAIDE;Etrangere
MCS;Etrangere
CGRM;Etrangere
WALTER GMBH;Etrangere
TROWE INSURANCE;Etrangere
U;Etrangere
ASSURA;Etrangere
MONDIAL  ASSISTANCE;Etrangere
SGDF;Etrangere
CMIP;Etrangere
SMECO;Etrangere
HALLESCHE;Etrangere
EMI EUROPE;Etrangere
EUROP ASSISTANCE;Etrangere
RAM;Etrangere
TOM (TOGO OIL & MARINE);Etrangere
OMA (OIL & MARINE AGENCIES);Etrangere
AQUA MED;Etrangere
TRAVEL SECURE ;Etrangere
UKV;Etrangere
MEMERITAIN HEALTH;Etrangere
AG ASSURANCE;Etrangere
ASSURANCE FRANCE;Etrangere
ASSURANCE AMERICAINE;Etrangere
ASSURANCE EUROPEENNE;Etrangere
FIDELIA ASSISTANCE;Etrangere
ASSURANCE ALLEMANDE;Etrangere
EUROP BUSINESS;Etrangere
AUTRES ASSURANCES ETRANGERES;Etrangere
BOLLORE/SDV;Etrangere
CONTINENTALE;Etrangere
CIGNA INT'L;Etrangere
RSI;Etrangere
ALLIANZ-EUROPE;Etrangere
INTERNATIONAL SOS;Etrangere
MD MEDICUS ASSISTANCE SERVICE;Etrangere
CYES-SOMAGUE;Etrangere
FRONTIERMEDEX;Etrangere
CEM-TOGO;Etrangere
ORGANISATION MONDIALE DE LA SANTE;Etrangere
OMS;Etrangere
GMC;Etrangere
CYES INFRAEST TOGO S;Etrangere
TIECARE INTERNATIONAL;Etrangere
TIECARE;Etrangere
MEDIC'AIR INTERNATIONAL;Etrangere
DIE CONTINENTALE;Etrangere
TECHNIKER KRANKENKASSE;Etrangere
STCM-P/C-EUROP ASSISTANCE;Etrangere
UNISMIS;Etrangere
MUTUAIDE SERVICES;Etrangere
DREDGING INTERNATIONAL;Etrangere
CEGA MEDICAL ASSISTANCE;Etrangere
BETODESLIZA;Etrangere
VILAPLANO;Etrangere
GMT SHIPPING TOGO;Etrangere
CIGNA LIFE INSURANCE;Etrangere
SOMAGUE;Etrangere
YMCA;Etrangere
INTER VERSICHERUNGSGRUPPE;Etrangere
AFRICA ASSIST;Etrangere
AUTRES SOCIETES;Etrangere
ASSURANCES INT'L;Etrangere
VALLES Y REZOLA S;Etrangere
AXA PPP INTERNATIONALE;Etrangere
CEGA MEDICAL ASSISTANCE;Etrangere
CLEMENTS WORLDWIDE;Etrangere
CIGMA;Etrangere
UNION KRANKENVERSICHERUNG AG;Etrangere
CYES;Etrangere
BUDD;Etrangere
AETNA INTERNATIONAL;Etrangere
AETNA TRADITIONAL;Etrangere
BUPA INTERNATIONAL / MSO;Etrangere
METLIFE;Etrangere
UNITED HEALTHCARE;Etrangere
GROUPE GATO  SHIPPING&LOGISTICS;Etrangere
HUMANIS;Etrangere
AIMS;Etrangere
EGLISE DE JESUS DES SAINTS DES DERNIERS JOURS;Etrangere
ADAC -SCHUTZBRIEF-AG;Etrangere
PROSUB;Etrangere
AIG;Etrangere
NETSERVICES TRAVEL ASSISTANCE;Etrangere
SWICA GLOBALE CARE;Etrangere
BARMENIA VERSICHERUNGEN;Etrangere
INTER PARTNER ASSISTANCE;Etrangere
MANUVIE;Etrangere
ASSURANCE CANADIENNE;Etrangere
BIMA;Etrangere
ASSISTANCE AUX ASSURES INC;Etrangere
EXPACARE;Etrangere
CORPS DE LA PAIX;Etrangere
COFAS ASSURANCE;Etrangere
BURDIGALA INTERNATIONAL LTD;Etrangere
ROLAND  ASSISTANCE  GMBH;Etrangere
MUTUAIDE ASSISTANCE;Etrangere
APRIL INTERNATIONAL;Etrangere
EURO-CENTER;Etrangere
PELICAN MARINE SERVICES;Etrangere
ADONAY SHIPPING;Etrangere
WEST ASSISTANCE;Etrangere
PAMELIA;Etrangere
HEK HANSEATISCHE KV;Etrangere
EXPAT ECO;Etrangere
"""CABINET IMS";" LTD"""
"""CABINET IMS";" LTD"""
MANULIFE;Etrangere
MSH INTERNATIONAL;Etrangere
WORLDPASS;Etrangere
CROIX BLEU;Etrangere
CROIX BLEUE;Etrangere
PACIFICA;Etrangere
GMF;Etrangere
CM2A SARL;Etrangere
MOS MEDICAL HELPLINE GMBH;Etrangere
ADONAY SHIPPING 2;Etrangere
PUFFIN INSURANCE;Etrangere
CANASSISTANCE;Etrangere
ADAC VERSICHERUNG AG;Etrangere
VYV INTERNATIONAL ASSISTANCE;Etrangere
CHAPKA ASSURANCES;Etrangere
HELSANA;Etrangere
MEDLOG;Etrangere
GRAS SAVOYE;Locale
NSIA;Locale
